:020000040800F2
:10000000A835002001010008F94900088D2D0008DD
:10001000F5490008A90A0008454C00080000000046
:10002000000000000000000000000000214B00085C
:10003000B90A000800000000FD490008254B00082F
:100040001B0100081B0100081B0100081B01000820
:100050001B0100081B0100081B0100081B01000810
:100060001B0100081B0100081B010008AD0A000865
:100070001B0100081B0100081B0100081B010008F0
:100080001B0100081B0100081B0100081B010008E0
:100090001B0100081B0100081B0100081B010008D0
:1000A0001B0100081B0100081B0100081B010008C0
:1000B0001B0100081B0100081B0100081B010008B0
:1000C0001B0100081B0100081B0100081B010008A0
:1000D0001B010008394C00081B0100081B01000827
:1000E0001B0100081B0100081B010008DFF80CD0F1
:1000F00000F030FC004800474D660008A83500209D
:100100000648804706480047FEE7FEE7FEE7FEE7B1
:10011000FEE7FEE7FEE7FEE7FEE7FEE7294B000805
:10012000ED0000082DE9F05F0546002092469B4651
:1001300088460646814640241BE0284641464746FD
:10014000224600F0F2FA53465A46C01A914110D3A3
:1001500011461846224600F0D9FA2D1A67EB01081D
:100160004F4622460120002100F0D0FA17EB00098B
:100170004E41201EA4F10104DFDC484631462A46E8
:100180004346BDE8F09FF0B480EA0102D40F42007C
:10019000B2EB410F02D20246084611464A0042D055
:1001A000C30DDDB2C1F3C752AD1A202D35DAC1F34C
:1001B000160141F4000204B15242C5F1200602FAD0
:1001C00006F12A411044B3EBD05F23D0C4B1012D16
:1001D000A0EBC35009DCF0BC4FF0004202EAC3526E
:1001E000DBB200F5000000F0CBBA400000F18070F7
:1001F00000EBC350A0F1807040EAD170490009E0E3
:10020000490841EAC071A0EBC35000F50000400866
:1002100000EBC350F0BC00F0AABA6142012202EB2D
:100220004101001BF6E7F0BC704781F00041AAE7EE
:1002300080F00040A7E780EA010210B502F0004319
:10024000400022D04A001FD0010E01EB1261C0F322
:100250005600C2F3560240F4000042F40002A0FB34
:10026000022000047F39140400D0401C50EA1240E0
:1002700001D44000491EC2B20C0604EBD010401C51
:100280004008802A02D003E0002010BD20F00100C9
:10029000002900DA0020184310BD30B480EA0102C2
:1002A00002F0004530F0004221F0004013D090B140
:1002B000C30DD40DC2F31601C0F31600E41A41F4C5
:1002C000000140F400027D34914201D3641C00E03F
:1002D0004900002C02DA30BC002070474FF40000C7
:1002E0000023914201D3891A034340084FEA410198
:1002F000F7D151B1914202D14FF0004105E002D255
:100300004FF0010101E06FF0010103EBC4502844FC
:1003100030BC00F02CBA2DE9FE4F804681EA030084
:10032000C00F0C46009021F0004123F00045B8EBCF
:100330000200A94105D24046214690461C460B4684
:10034000024623F00040104347D0270DC7F30A00B0
:10035000C3F30A510290401A019040286BDAC3F3AC
:10036000130040F4801B0098924620B10023D2EB8A
:10037000030A63EB0B0B01985946C0F1400250464B
:1003800000F0C4F906460D4650465946019A00F061
:10039000DCF910EB08006141002487EA115284EA7D
:1003A000E7731A4340D0009A62B3019A012A4FEAD8
:1003B000075215DC001B61EB02014FF0004202EA1C
:1003C0000752CDE90042001C41F5801132462B4610
:1003D00000F042FA03B0BDE8F08F40462146F9E74D
:1003E000001B61EB0201001C41F5801300185B410A
:1003F0002018A2F5001747EB030140EAD570B619A3
:100400006D4111E06D084FEA360645EAC0754FEAC6
:100410000752001B61EB0201001C41F580114908E5
:100420004FEA30000019514132462B4603B0BDE877
:10043000F04F00F002BA0098012240000023D0EBF8
:10044000020263EBE073009821464FEAE074B8EBD8
:10045000000061EB0401E9E783F000435BE781F012
:10046000004158E72DE9FE4F81EA030404F00044FF
:1004700021F0004100944FF0000B23F0004350EABC
:1004800001045ED052EA03045BD0C3F30A54C1F303
:100490000A552C44A4F2F3340194A0FB0254C1F396
:1004A000130141F48011C3F3130343F4801301FBE0
:1004B000024400FB034E840A970A44EA815447EA47
:1004C0008357A4FB076802958D0A05FB07854FEA51
:1004D000932C04FB0C542705029D4FEA065847EA6B
:1004E0001637B5EB08056EEB070C870E920E47EA40
:1004F000811742EA8312A7FB0201B6EB0B0164EB02
:1005000000042B0D43EA0C335E1844EB1C50DA4612
:100510005146E7FB0201C5F313044FEA0B3343EAEC
:1005200014534FEA0432019C43EA0603A4F10C047D
:100530000294009CCDE900B400F08EF903B0BDE850
:10054000F08F00200146F9E72DE9F04D81EA030420
:1005500004F0004B21F0004514464FF0000A23F050
:10056000004150EA050220D054EA01021DD0C5F333
:100570000A570246C5F31303C1F31300C1F30A5629
:1005800040F4801543F48013A7EB0608101BD646F1
:1005900008F2FD3873EB050002D308F1010801E011
:1005A00092185B41B8F1000F03DA00200146BDE864
:1005B000F08D00204FF48011064684460EE0171B94
:1005C00073EB050705D3121B63EB050306434CEAE7
:1005D000010C49084FEA300092185B4150EA0107CC
:1005E000EDD152EA030012D082EA040083EA050149
:1005F000084305D0101BAB4106D20122002306E0C0
:1006000000224FF0004302E06FF0010253101AEB9A
:1006100006004CEB085110EB0A0041EB0B01BDE862
:10062000F04D00F00AB9002801DBC0F100400029BC
:1006300001DBC1F10041814201D20120704700205D
:100640007047002801DBC0F10040002901DBC1F147
:100650000041814201D3012070470020704796235A
:100660000022114600F08CB80EB540F233410291E1
:100670000021CDE900110A460B4600F0EDF803B069
:1006800000BD00F0004230F000400AD0C10D01F57D
:100690006071C0F3160042EA0151C20840071143DD
:1006A000704700200146704701F0004330B421F04C
:1006B000004150EA010206D00A0DA2F56072C1F3B2
:1006C0001301002A02DC30BC00207047440F44EACA
:1006D000C104C100E01830BC00EBC25000F047B8C4
:1006E00030B50B46014600202022012409E021FA02
:1006F00002F59D4205D303FA02F5491B04FA02F5FF
:100700002844151EA2F10102F1DC30BD202A04DBD1
:10071000203A00FA02F1002070479140C2F1200314
:1007200020FA03F3194390407047202A04DB203A53
:1007300021FA02F00021704721FA02F3D040C2F101
:1007400020029140084319467047202A06DBCB1748
:10075000203A41FA02F043EAE07306E041FA02F37C
:10076000D040C2F120029140084319467047002949
:10077000A8BF7047401C490008BF20F00100704727
:1007800010B4B0FA80FC00FA0CF050EA010404BF87
:1007900010BC704749B1CCF1200421FA04F411FADD
:1007A0000CF118BF012121430843A3EB0C01CB1D21
:1007B0004FEA00614FEA102042BF002010BC704792
:1007C00000EBC35010440029A4BF10BC7047401C6C
:1007D000490008BF20F0010010BC7047F0B40028A9
:1007E00002DCF0BC00207047C0F3C751C0F3160014
:1007F00040F40000CA0701D14000491E3F2202EB2D
:100800006105002211464FF4000626FA01F3134455
:10081000D418844201D8001B1A464000491C1729ED
:10082000F3DD5100814202D24FF0FF3100E00021A0
:1008300002EBC550F0BCFFF79ABF10B5141E73F160
:10084000000408DA401C41F1000192185B411A4390
:1008500001D120F0010010BD2DE9F04D92469B46DC
:1008600011B1B1FA81F202E0B0FA80F22032904682
:10087000FFF74CFF04460F4640EA0A0041EA0B012D
:1008800053465A46084313D0114653EA010019D083
:10089000C8F140025046FFF748FF05460E46504655
:1008A00059464246FFF732FF084305D0012004E0D5
:1008B00020463946BDE8F08D0020054346EAE07643
:1008C0002C4337430A986305E40AA0EB0800002292
:1008D000FD0A44EA47540A3002D500200146E9E700
:1008E000010510196941DDE9084500196941BDE8B4
:1008F000F04DA2E7C1F30A52C1F3130140F2FF33F6
:1009000041F480119A4202DA00200146704740F219
:1009100033439A42A2F2334202DC5242FFF705BF50
:10092000FFF7F4BE30B5041E71F1000404DB4FF094
:100930000044404264EB0101141E73F1000405DB26
:100940001C464FF00043524263EB0403994208BF38
:10095000904230BD1CB509480090094801900546F9
:10096000009C06E0E06840F0010394E80700984727
:100970001034AC42F6D3FFF7BDFB000074A70008AB
:1009800094A700080146406A826A12F0500F03D013
:10099000006A026B084610470168826A42F40072DE
:1009A0008262896801F46021B1F5602F01D1017B79
:1009B00011B100F029B900BF816A21F48071816210
:1009C000816AC90448BF00F01FB9816A41F0010182
:1009D000816200F019B90000406A816A41F040016B
:1009E0008162C16A41F00401C16200F02BB90000CC
:1009F000406A00F025B90000B0B582B0044600207E
:100A0000019021688A68D2074BD1886840F00100C4
:100A1000886040F21000C2F2000000684DF6836169
:100A2000C4F21B31A0FB0101880C01900198A0B118
:100A3000019801380190019878B10198013801902E
:100A4000019850B1019801380190019828B101989E
:100A50000138019001980028EAD100F08DFD21684D
:100A60008968C9071CD1054603E000BF8068C0073C
:100A700016D100F081FD411B20680329F6D381685F
:100A8000C907F3D1A06A40F01000A062E06A40F00C
:100A90000100E062002084F82400012002B0B0BD13
:100AA000002002B0B0BD0000FEE7000043F2740079
:100AB000C2F2000000F0DCBA70470000EFF31080D3
:100AC00072B600BFFEE7000070B581B00022009250
:100AD00090F82420012A03D10221084601B070BDFC
:100AE0004A680123062A02EB820E80F8243007D8D8
:100AF000D0F800C06FF004030CF134060CE000BF26
:100B0000D0F800C00C2A87BF0CF12C066FF0400310
:100B10000CF130066FF022030EEB03021F23346842
:100B200003FA02F50B6824EA050503FA02F22A43E8
:100B30003260092B03EB43021AD9DCF80C601E3A31
:100B4000072589689540AE43914023F00102314367
:100B5000102ACCF80C1015D142F20041C4F2010168
:100B60008C4517D0816A41F02001816201210AE0A1
:100B7000DCF81030072689689640B343914019434A
:100B8000CCF810100021002280F82420084601B083
:100B900070BD00BF89680902F4D4DCF80810102B7E
:100BA00041F40001CCF80810ECD140F21001C2F27F
:100BB000000109684DF68362C4F21B32A1FB0212E8
:100BC000910C01EB81014900009100990029D9D0D5
:100BD00000990139009100990029D3D00099013979
:100BE000009100990029CDD0009901390091009918
:100BF0000029C7D0009901390091009900294FF0D0
:100C00000001E5D1BFE7000010B540F22804C2F2B0
:100C1000000401202070A068FFF726FD46F26663FD
:100C2000C4F20A034FF06632FFF71CFC0023C3F640
:100C300030730022FFF716FCFFF736FD606010BD31
:100C40007047000070470000002804BF0120704773
:100C5000B0B50446806A28B121688868C0070CD105
:100C600015E000BF0020E06284F82400204600F078
:100C700097F821688868C00709D0886820F00100CB
:100C8000886000F079FC21688A68D20726D1A06AC2
:100C9000C0063AD4A06A41F2021290430230A06228
:100CA000E069D4E9013240EA030C531EB3FA83F33E
:100CB0005D091346B2F5807F18BF2B02207D257B8E
:100CC00001284CEA45002CD135B3A56A45F0200532
:100CD000A562E56A45F00105E56222E0054602E00D
:100CE0008868C007D3D000F047FC401B2168032868
:100CF000F6D38868C007F3D0A06A40F01000A06265
:100D0000E06A40F00100E062A06AA06A40F01000D2
:100D1000A0620120B0BD00BFA56903EB4533A3F578
:100D2000C0534D68B2F5807F25F4694543EA050359
:100D30004B608B684FF2FD75CFF6E17503EA050352
:100D400043EA00038B6001D0012A07D12269002306
:100D5000CFF6F07303EB025201E000BF0022CB6A32
:100D600023F470031A43CA62896840F6FE62CFF624
:100D70001F721140814207D10020E062A16A012266
:100D800062F30101A162B0BDA06A40F0100020F042
:100D90000200A062E06A40F00100E0620120B0BD04
:100DA00070B586B0044640F60000C4F20100216828
:100DB00000F5E052002691420596CDE903660296C1
:100DC00002D006B070BD00BF41F21801C4F20201AA
:100DD0000A6842F400720A600A6802F40072019222
:100DE000019A0A6842F004020A60096801F00401ED
:100DF00001910199012102910321039102A900F0BF
:100E0000ADFA43F274050820C2F20005C4F20200F4
:100E10004FF40072C5E9000605F1100080214FF47F
:100E200000634FF0200C4FF4005E80E80C50284621
:100E3000C5E9026100F0ECF9002818BFFFF73EFE9B
:100E400025626C6206B070BDF0B581B0036842F6F1
:100E50000006C4F20106B34205D042F20046C4F2D5
:100E60000106B3420AD142F20443C4F201031B68F3
:100E700013F4702F02D0012001B0F0BD90F824309F
:100E8000012B03D1022001B0F0BD00BF0D460121AE
:100E9000174680F824100646FFF7AEFD30B100205B
:100EA00086F82400012001B0F0BD00BF42F20440EA
:100EB0003168B36AC4F20100324640F60176B343AA
:100EC00000F57F7603F58073B142936244D0906A57
:100ED00020F4801090624868400504D5906A012390
:100EE00063F30D309062936A0020DB044FF000033F
:100EF00044BFD36A23F00603D36282F82400106A49
:100F000040F6851340F6F116C0F60003C0F6000661
:100F100040F6D914C0F60004C0E90A366FF00203A7
:100F200004630B608B68144643F480738B604C3110
:100F30002A463B4600F0AEF92068816801F4602241
:100F40008168B2F5602F0CBF41F4A00141F480111B
:100F50008160002001B0F0BD036813F4702FB6D09B
:100F6000936A43F48013936200684005B6D4BAE7ED
:100F7000014690F82100022816D10868D1E90FC374
:100F8000026822F00E020260026822F00102026092
:100F9000012000FA03F2CCF8042081F8210000209F
:100FA000002281F82020704704208863012000225D
:100FB00081F820207047000090F82110022923D1E9
:100FC000026840F2040C1168C4F2020C21F00E0118
:100FD000116013682F21C4F202018A4223F0010339
:100FE000136015DD3023C4F202039A421CD044235F
:100FF000C4F202039A421BD05823C4F202039A425D
:101000001CD14FF4803321E004218163012070471B
:101010000823C4F202039A420ED01C23C4F2020336
:101020009A420BD1102311E04FF480730EE000BF01
:101030004FF480530AE000BF012307E00CF1680180
:101040004FF080738A4208BF4FF480130121CCF81F
:10105000003080F82110416B0022002980F8202008
:1010600004BF0020704780B58847002080BD000085
:1010700010B5D0E90FCE0168DCF800300A6823FA19
:101080000EF35C072AD512F0040427D00A689206F2
:1010900003D40A6822F004020A602F22C4F202027A
:1010A000914240F20402C4F202025BDD3023C4F23A
:1010B0000203994272D04423C4F20203994273D0CE
:1010C0005823C4F20203994240F07A804FF48023FF
:1010D0001360C16A002940F098806FE09C0727D513
:1010E00012F0020424D00A68920606D40A6822F09C
:1010F0000A020A60012280F821202F22C4F2020293
:10110000914240F20402C4F202023BDD3023C4F2F9
:101110000203994260D04423C4F2020399425FD093
:101120005823C4F20203994260D14FF4003365E0C2
:101130001B0743D512F0080208BF10BD0A6822F051
:101140000E020A60012101FA0EF2CCF8042081633C
:1011500080F82110016B0022002980F8202054D152
:101160002CE000BF0823C4F20203994222D01C23C2
:10117000C4F20203994223D140231360C16A0029BB
:1011800043D11BE00823C4F2020399422CD01C2354
:10119000C4F20203994229D120232FE04FF4806347
:1011A0001360C16A89BB09E04FF480431360C16AD0
:1011B00059BB03E004231360C16A31BB10BD00BFFB
:1011C00002F168044FF08063A14208BF4FF480032E
:1011D0001360C16AC9B9F1E74FF400730EE000BFB4
:1011E0004FF400530AE000BF022307E002F1680455
:1011F0004FF00073A14208BF4FF400131360816ADF
:101200000022002980F82020D8D0BDE810400847EF
:10121000014600284FF0010008BF70472DE9F04358
:10122000D1F800C04FF6F873CBF6FD734CF6CD4203
:101230006344CCF6CC42A3FB02236FF0030202EA24
:1012400093020023C4F2020301F10C08C1E90F323A
:101250000222D1E9019E98E8F00181F82120DCF812
:10126000002043F6F0739A4342EA090242EA0E0272
:1012700022432A4332433A4342EA0802CCF8002090
:1012800000228A6381F8210081F820200020BDE837
:10129000F043704790F820C0BCF1010F04BF02205A
:1012A0007047F0B54FF0010E80F820E090F821C0B3
:1012B000BCF1010F26D14FF0020C80F821C04FF095
:1012C000000CC0F838C0D0E900C4C56AC66BDCF8B1
:1012D0000070102C27F00107CCF80070006C0EFA9B
:1012E00000F070600846CCF8043004BF10460A468F
:1012F000CCF80800CCF80C20DCF8000045B140F038
:101300000E000DE0002180F820100220F0BD00BF8B
:1013100020F00400CCF80000DCF8000040F00A00E7
:10132000CCF80000DCF8000040F00100CCF8000030
:101330000020F0BDB0B5044600F01EF9054640F2AD
:101340000800C2F200000078611C18BF044400BF0E
:1013500000F012F9401BA042FAD3B0BD2DE9F04FC6
:1013600082B00E68002E00F0FD8041F20042C4F20F
:101370000102042340F2004E904208BF03234FF6BF
:10138000FF7CC4F2010E009300240123C1F2100C73
:101390004FF0000A4FF000094BE000BF41F200029D
:1013A000C4F20102009F904208BF022704F00C0320
:1013B0000F229A402BEA020207FA03F34FEA9A053A
:1013C0001A4346F825204E6840F20C45F202DEF83A
:1013D000082054BF22EA080242EA0802C4F20105CA
:1013E000CEF808202A68B30254BF22EA080242EA73
:1013F00008022A60B303DEF8042054BF22EA080280
:1014000042EA0802F303CEF80420DEF800204FF091
:10141000010354BF22EA080242EA0802CEF8002083
:101420000E680AF1010A36FA0AF204F1040400F027
:10143000998003FA0AFB16EA0B08F1D04E6866455C
:1014400012DC122E56D8DFE806F0350B4D49555503
:10145000555555555555555555555545510000BF90
:10146000D1F80C9046E000BF4FF6FF72C1F22102A6
:1014700096420FDC0022C1F2110296421AD00022DD
:10148000C1F21202964215D00022C1F22102964208
:1014900010D02FE00022C1F2220296420AD0002290
:1014A000C1F23102964205D00022C1F232029642C8
:1014B00020D100BF8A684AB1012A14BFC0F814B015
:1014C000C0F810B04FF0080914E000BF4FF0040955
:1014D00010E000BFCA6802F104090BE04FF00009F8
:1014E00008E000BFCA6802F1080903E0CA6802F117
:1014F0000C0900BF02462646B8F5807F24BF04329F
:10150000203E17680F25B54027EA050509FA06F6BB
:1015100035431560CA79D2067FF582AF41F21803D0
:10152000C4F202031A68AEF57E7642F001021A6038
:101530001A6802F001020192019A2AF0030256F899
:1015400002B040F60002C4F20102904208D040F618
:101550000042C4F2010290427FF420AF012725E748
:10156000002723E702B0BDE8F08F0000002A08BF83
:10157000090401617047000043F2A010C2F20000AC
:101580000068704740F2080043F2A011C2F2000068
:10159000C2F2000100780A68104408607047000039
:1015A00080B542F20000C4F20200016841F010016F
:1015B0000160032000F08CF80F2000F005F800F027
:1015C00027F8002080BD000070B540F20806C2F286
:1015D000000640F210013278C2F200014FF47A7333
:1015E0000968B3FBF2F20446B1FBF2F1084600F0E1
:1015F00099FD0F2C4FF0010508D838B94FF0FF3096
:1016000021460022002500F037F87460284670BD9E
:1016100082B041F21800C4F202000168022241F0D7
:1016200001010160016801F0010101910199416826
:1016300041F080514160406800F080500090009877
:101640000420C4F20100016862F31A61016002B073
:1016500070470000002848BF704700F01F010122BA
:1016600002FA01F11C2202EAD0004EF20012CEF280
:10167000000281507047000010B54EF60C5CCEF2AF
:10168000000CDCF80030C3F3022E8EF00704042CAB
:1016900028BF0424BEF103034FF0FF3E0EFA04F40A
:1016A00038BF0023A14399400EFA03F39A43114334
:1016B00000F00F0200F160430901043A03F56443AE
:1016C0006244002848BF02F10C03197010BD0000ED
:1016D0004EF60C51CEF200010A684FF6FF031A4095
:1016E00060F30A2242F0806040F0FD7008607047AD
:1016F0002DE9F04182B00446007841F21C06C00793
:10170000C4F202064AD030685FEAC00808D43068E4
:1017100040F080503060306800F0805001900198B7
:1017200047F20007C4F200073868C00512D43868D1
:1017300040F480703860FFF71FFF05463868C00529
:1017400008D4FFF719FF401B6428F7D9032002B023
:10175000BDE8F081706810F4407012D0616801F447
:10176000407188420DD0706840F24042C4F242227B
:10177000012320F4407113600023C00713607160DF
:1017800026D17068616820F440700843B8F1000FFA
:10179000706003D4306820F080503060206881078A
:1017A00007D556F8181CA26821F44041114346F8A9
:1017B000181CC00607D556F8180CE16820F4800004
:1017C000084346F8180C002002B0BDE8F08100BFC5
:1017D000FFF7D2FE054641F2883700BF70688007E8
:1017E000CFD4FFF7C9FE401BB8424FF00300F5D934
:1017F000EAE70000002804BF012070472DE9F0430C
:1018000081B042F20008C4F202080446D8F8000091
:101810000D4600F0070081420CD9D8F8000020F0F6
:1018200007002843C8F80000D8F8000000F00700BF
:10183000A8426CD1206841F204098107C4F2020970
:1018400017D5410705D5D9F8001041F4E061C9F872
:101850000010010705D5D9F8001041F46051C9F80E
:101860000010D9F80010A26821F0F0011143C9F866
:101870000010C00742D1D8F8000000F007008542F0
:101880000CD2D8F8000020F007002843C8F8000068
:10189000D8F8000000F00700A84238D120684107BE
:1018A00007D5D9F80010E26821F4E0611143C9F8C6
:1018B0000010000708D5D9F80000216920F4605015
:1018C00040EAC100C9F80000D9F8002002F00C007D
:1018D000082841F20020C0F27A004DD148F2986306
:1018E000C2F38341C0F60003595CD20338D440F6FA
:1018F0000010C0F23D0048433EE000BF606859F868
:10190000041C022808D0012826D1890306D401200E
:1019100001B0BDE8F08300BF8901F8D5D9F8001007
:1019200021F003010843C9F80000FFF725FE064631
:1019300041F28837D9F80000616800F00C00B0EB84
:10194000810F98D0FFF718FE801BB842F2D9032010
:1019500001B0BDE8F08300BF8907D8D5DEE700BF3E
:10196000D9F8002047F28623C2F34042C0F60003B4
:101970009A5C4843B0FBF2F0D9F8001047F26E22AF
:10198000C1F30311C0F60002515C40F2100220FACC
:1019900001F140F20C00C2F200000068C2F2000245
:1019A0001160FFF711FE002001B0BDE8F0830000D8
:1019B00040F2100041F20401C2F20000C4F2020140
:1019C0000068096847F27E22C1F30221C0F60002D6
:1019D000515CC8407047000040F2100041F2040121
:1019E000C2F20000C4F202010068096847F27E22D8
:1019F000C1F3C221C0F60002515CC840704700002C
:101A0000002804BF012070472DE9F04182B0044650
:101A1000007841F20006C007C4F202060CD07068DC
:101A200000F00C00042840F081803068800303D56A
:101A30006068002800F04681207880071BD5706818
:101A400010F00C0F09D0706800F00C00082840F06E
:101A500087807068C00300F183803068800703D5F9
:101A60002069012840F02E813068616920F0F8007B
:101A700040EAC10030602078000713D42078400786
:101A80002CD4E569002D00F01881706800F00C007E
:101A9000082840F0A780012D40F00481012002B009
:101AA000BDE8F081A069002800F084800020C4F225
:101AB00042200121C0F88014FFF75EFD054600BFFB
:101AC000706A800700F1B280FFF756FD401B0228C4
:101AD000F6D9032002B0BDE8F08100BFF0695FEAEB
:101AE000C00808D4F06940F08050F061F06900F05F
:101AF00080500090009847F20007C4F20007386851
:101B0000C00549D4386840F480703860FFF734FD70
:101B1000054600BF3868C0053ED4FFF72DFD401BC9
:101B20006428F7D9032002B0BDE8F081706800F0A6
:101B30000C00082803D17068C0033FF576AF6168D8
:101B40003068002900F00C81B1F5A02F00F0008171
:101B5000B1F5803F40F01A8140F480301CE100BFB5
:101B60002069002840F20000C4F2422000F0888082
:101B700001210160FFF700FD054600BF30688007C6
:101B80003FF572AFFFF7F8FC401B0228F6D903209F
:101B900002B0BDE8F08100BFE168306A002900F0C2
:101BA0009D80052900F09280012940F0AF8040F02F
:101BB0000100B1E00020C4F242200021C0F88014EE
:101BC000FFF7DAFC054600BF706A80077FF556AF65
:101BD000FFF7D2FC401B0228F6D9032002B0BDE873
:101BE000F08100BF0027C4F2422700203866FFF7CB
:101BF000C3FC022D05460DD13068800140F1DE8026
:101C0000FFF7BAFC401B02284FF00300F4D902B0E2
:101C1000BDE8F081306880014FD5FFF7ADFC401B77
:101C200002284FF00300F5D9F1E700BF40F21000A1
:101C3000C2F20000006844F6D351C1F26201A0FB79
:101C40000101480A019000BF00BF0198411E002811
:101C500001913FF413AF00BF0198411E002801918C
:101C60003FF40CAF00BF0198411E002801913FF4E2
:101C700005AF00BF0198411E00280191E4D1FDE6A7
:101C800000210160FFF778FC054600BF306880073F
:101C90007FF5F1AEFFF770FC401B02284FF0030008
:101CA000F4D9B4E77068216A00F480328A4209D11D
:101CB000616A00F47010884204D1002002B0BDE8CF
:101CC000F08100BF012002B0BDE8F08140F00400C7
:101CD0003062306A40F001001EE000BF20F00100D9
:101CE0003062306A20F004003062FFF745FC0546A0
:101CF00041F28837306A800720D5FFF73DFC401B52
:101D0000B8424FF00300F5D981E700BF20F0010091
:101D10003062306A20F004003062FFF72DFC054687
:101D200041F28837306A800708D4FFF725FC401B52
:101D3000B842F7D9032002B0BDE8F081B8F1000F36
:101D40003FF59FAEF06920F08050F06199E600BF4A
:101D500040F480203060306840F480301CE000BFE8
:101D600020F480303060306820F480203060FFF74D
:101D700003FC0546306880037FF55EAEFFF7FCFB91
:101D8000401B64284FF00300F4D940E720F4803072
:101D90003060306820F480203060FFF7EDFB0546AE
:101DA000306880033FF548AEFFF7E6FB401B642830
:101DB000F6D9032002B0BDE8F08100BF206AB0F57B
:101DC000803F05D17168A26821F400311143716030
:101DD0007168626A21F47411114308437060012034
:101DE0003866FFF7C9FB0446306880013FF565AFF0
:101DF000FFF7C2FB001B02284FF00300F4D906E7EF
:101E000070B528B1416A29B100210161142106E0B1
:101E1000012070BD4168B1F5827F02D01C210022F3
:101E200042500026866290F8511029B980F850601F
:101E3000054600F039F82846022180F8511090E854
:101E40002E0002F482720C6803F4044324F0400470
:101E50000C601A4405F4006305691A4405F0020396
:101E600045691A4405F001038569C4691A4405F4FB
:101E700000731A4404F03803046A1A4404F080031F
:101E8000846A1A4304F400531A430A60042202EAE3
:101E900015424A60CA6922F40062CA61012146659E
:101EA00080F85110304670BD70B586B040F60044E1
:101EB000C4F201040068A4F5544100268842059646
:101EC000CDE90366029601D006B070BD41F218005C
:101ED000C4F20200416802AD41F4804141604168B2
:101EE00001F4804101910199016841F0080101600C
:101EF0000068294600F00800019001984FF4204046
:101F0000029002200390032005902046FFF726FA56
:101F10004FF48040CDE90206204629460496FFF79B
:101F20001DFA06B070BD00002DE9F04182B01D46DB
:101F300016460F460446FFF71FFB94F8511001297F
:101F40000ED18046002F4FF0010018BF002E03D1A4
:101F500002B0BDE8F08100BF94F85000012803D121
:101F6000022002B0BDE8F081012084F85000032077
:101F7000002184F8510061652763A686E686A16387
:101F8000A187E187A0682164B0F5004F20686164F3
:101F900007D1016821F040010160016841F48041EE
:101FA00001600168490603D4016841F04001016005
:101FB0006168731EE268B1FA81F1B3FA83F34909EB
:101FC0005B09B2F5006F41EA030139D131B137F84D
:101FD000021BC1602763E08E0138E086E08E002896
:101FE00070D0681C0BD11AE0216B31F8022BC26053
:101FF0002163E08E0138E086E08E002862D0206800
:1020000081688907F0D4FFF7B7FAA0EB0800A8426F
:10201000F2D338E0FFF7B0FAE08E002852D0206803
:1020200081688907F6D5216B31F8022BC2602163E4
:10203000E08E0138E086E08E0028F0D142E000BF5B
:1020400039B139780173206B01302063E08E01389B
:10205000E086E08EB0B3681C0BD123E0216B0978D9
:102060000173206B01302063E08E0138E086E08E42
:1020700040B3206881688907F0D4FFF77DFAA0EBB0
:102080000800A842F3D3012084F85100002084F80E
:102090005000032002B0BDE8F08100BFFFF76CFAEA
:1020A000E08E78B1206881688907F7D5216B0978BF
:1020B0000173206B01302063E08E0138E086E08EF2
:1020C0000028EFD12046022101222B46CDF80080C6
:1020D00002F096FC40B92046802100222B46CDF824
:1020E000008002F08DFC28B1606D40F0200060653A
:1020F00020206065A06838B9002001902068C16880
:102100000191806801900198012084F8510000201D
:1021100084F85000606D002818BF012002B0BDE8AF
:10212000F0810000411E0020B0EB116F1CBF0120A8
:1021300070474EF21002CEF2000251604EF623516B
:10214000CEF20001F0230B70072190601160704700
:1021500090F83C20012A4FF0020236D010B580F8EA
:102160003D200268D2F804E0D2F808C00C682EF0D6
:102170007003234340F2FF74C4F20004A242536090
:102180000ADCB2F1804F13D040F20043C4F20003E6
:102190009A420DD011E000BF42F60043C4F20103A1
:1021A0009A4205D040F60003C4F200039A4204D1DB
:1021B00049682CF08003194391600121002280F8C6
:1021C0003D1080F83C20BDE81040104670470000EC
:1021D000002804BF0120704710B590F83D1031B9B8
:1021E000002180F83C10044600F070F820460221DF
:1021F00080F83D10016840F2FF740B68C4F20004DF
:1022000042F6004CA142C4F2010C15DCB1F1804F42
:102210001AD040F20042C4F20002914214D0A1420E
:1022200018DCB1F1804F1DD040F20042C4F2000230
:10223000914217D01AE000BF614505D040F6000278
:10224000C4F200029142EAD1826823F07003134382
:10225000A142E6DD614505D040F60002C4F200026D
:10226000914203D1026923F440731343846923F03C
:102270008002D0F804E0C368224361450A60CB6263
:10228000C1F828E002D14269CCF8302001224A612D
:102290000B69DB0703D00B6923F001030B6180F8A6
:1022A000462080F83E2080F83F2080F8402080F8CB
:1022B000412080F8422080F8432080F8442080F8B4
:1022C000452080F83D20002010BD0000006840F24D
:1022D0000041C4F20001884218BF704781B041F24A
:1022E0001C00C4F20200016841F0020101600068B4
:1022F00000F002000090009801B0704790F83D1087
:1023000001291CBF01207047022180F83D100068A0
:1023100040F2FF71C4F20001884209DCB0F1804F45
:1023200012D040F20041C4F2000188420CD012E009
:1023300042F60041C4F20101884205D040F6000196
:10234000C4F20001884206D1816801F00701062924
:1023500004BF00207047016841F0010101600020C6
:102360007047000090F83C20012A4FF002026CD028
:1023700080B580F83D20D0F800C04FF67772DCF8C9
:10238000083023EA0202CCF808200B684F2B29DC26
:102390001F2B45DD202B46D0302B44D0402B40F066
:1023A000AF80D1F804E0C968DCF82030DCF82020E8
:1023B00022F00102CCF82020DCF8182022F0F002F4
:1023C00042EA011123F00A0242EA0E02CCF8181088
:1023D000CCF82020DCF8081041F0470121F0300152
:1023E00028E000BF6F2B33DDB3F5005F74D0B3F589
:1023F000805F21D0702B40F08380D1E901E3C96870
:10240000DCF8082043EA0E0322F47F4243EA01216C
:102410001143CCF80810DCF8081041F0770109E00E
:102420000BB1102B6CD1DCF8081021F070011943AE
:1024300041F00701CCF808100022012180F83D107E
:10244000002180F83C10BDE880401046704700BF76
:10245000502B21D0602B53D1D1F804E0C968DCF8AF
:102460002030DCF8202022F01002CCF82020DCF80C
:10247000182022F4704242EA013123F0A00242EA1D
:102480000E12CCF81810CCF82020DCF8081041F01F
:10249000670121F01001CDE7D1F804E0C968DCF84C
:1024A0002030DCF8202022F00102CCF82020DCF8DB
:1024B000182022F0F00242EA011123F00A0242EA57
:1024C0000E02CCF81810CCF82020DCF8081041F0EF
:1024D000570121F02001ADE7D1E901E3C968DCF83B
:1024E000082043EA0E0322F47F4243EA012111430C
:1024F000CCF80810DCF8081041F480419AE700BFDE
:1025000001229AE77047000070470000B0B582B022
:1025100001680A68CC684B6902F02F05202D04F091
:10252000200505D125B102B0BDE8B04002F004BBE2
:102530005FEA027C1EBF03F0010E04F4907313EBFC
:102540000E0341D1036BD50618D5012B16D114F01B
:10255000100313D0002201920A6801924A68019286
:10256000019A496949064BD4818DC28DC38D002BD8
:1025700018BF914240F0F48102B0B0BD13062DD5D2
:1025800014F080032AD090F84120212AF4D18268E7
:10259000B2F5805F03D10269002A00F06782026A07
:1025A000531C036212784A60C28C013A1304C2843D
:1025B000E2D1C86820F08000C860C86840F04000E0
:1025C000C86002B0B0BD00BFD30718BF14F4807359
:1025D00040F0D080530700F1D380D8E05206CBD52D
:1025E00014F04002C8D0CA6822F04002CA6020211C
:1025F00080F8411002B0BDE8B04000F0C5BB00BF9C
:10260000C16B0A68526893B2002BB5D0858DAB427E
:10261000B2D2C2858969202900F0A180016851E801
:10262000031F026821F4807142E80313DBB10168E3
:1026300051E8031F026821F4807142E8031393B14B
:10264000016851E8031F026821F4807142E8031316
:102650004BB1016851E8031F026821F4807142E820
:102660000313002BDAD1016851E8051F026821F03D
:10267000010142E80513C3B3016851E8051F026870
:1026800021F0010142E805137BB3016851E8051F01
:10269000026821F0010142E8051333B3016851E8F3
:1026A000051F026821F0010142E80513002BDAD171
:1026B0001BE000BF016851E8051F026821F04001DE
:1026C00042E80513DBB1016851E8051F026821F0FB
:1026D000400142E8051393B1016851E8051F026803
:1026E00021F0400142E805134BB1016851E8051F94
:1026F000026821F0400142E80513002BDAD12021C5
:1027000080F8421000210163016851E8031F02684C
:1027100021F0100142E80313DBB1016851E8031F07
:10272000026821F0100142E8031393B1016851E8F7
:10273000031F026821F0100142E803134BB1016846
:1027400051E8031F026821F0100142E80313002B37
:10275000DAD1C16B04460846FEF70AFC2046022186
:102760004163818DC28D891A89B202B0BDE8B04043
:10277000FFF7C8BE436C43F001034364530706D51B
:10278000BEF1000F03D0436C43F002034364930790
:1027900006D5BEF1000F03D0436C43F0040343643D
:1027A000BCF1000F06D55EEA050303D0436C43F08D
:1027B00008034364436C002B3FF4DEAE920605D55C
:1027C00025B1044602F0B8F9216820464969426CF7
:1027D00001F0400102F00802891800F0B98000BF42
:1027E000016851E8031F026821F4907142E8031365
:1027F000BBB3016851E8031F026821F4907142E8FD
:10280000031373B3016851E8031F026821F4907148
:1028100042E803132BB3016851E8031F026821F457
:10282000907142E80313002BDAD11AE0016851E8F5
:10283000051F026821F0010142E80513DBB10168C0
:1028400051E8051F026821F0010142E8051393B128
:10285000016851E8051F026821F0010142E80513F3
:102860004BB1016851E8051F026821F0010142E8FF
:102870000513002BDAD1016B012924D1016851E83D
:10288000031F026821F0100142E80313DBB1016865
:1028900051E8031F026821F0100142E8031393B1CD
:1028A000016851E8031F026821F0100142E8031398
:1028B0004BB1016851E8031F026821F0100142E8A2
:1028C0000313002BDAD1202180F84210002101638C
:1028D00001684969490640F1C380016851E8051F54
:1028E000026821F0400142E80513DBB1016851E8BC
:1028F000051F026821F0400142E8051393B1016809
:1029000051E8051F026821F0400142E805134BB170
:10291000016851E8051F026821F0400142E80513F3
:10292000002BDAD1C16B002900F09A8044F62D32D9
:10293000C0F60002044608464A63FEF73DFB002845
:102940003FF41AAEE06B416B02B0BDE8B0400847FF
:102950000446FFF7D9FD0020606402B0B0BD00BF9F
:10296000891A00BF026852E8032F036822F49072AC
:1029700043E80325BDB3026852E8032F036822F43D
:10298000907243E8032575B3026852E8032F036889
:1029900022F4907243E803252DB3026852E8032F16
:1029A000036822F4907243E80325002DDAD11AE07F
:1029B000026852E8052F036822F0010243E805256A
:1029C000DDB1026852E8052F036822F0010243E8F6
:1029D000052595B1026852E8052F036822F001022F
:1029E00043E805254DB1026852E8052F036822F03F
:1029F000010243E80525002DDAD1202280F842208B
:102A000000220263026852E8032F036822F01002DA
:102A100043E80325DDB1026852E8032F036822F082
:102A2000100243E8032595B1026852E8032F0368BA
:102A300022F0100243E803254DB1026852E8032F4B
:102A4000036822F0100243E80325002DDAD10222A8
:102A500089B2426302B0BDE8B040FFF753BD00BF8A
:102A600002B0BDE8B040FFF74FBD00BF026A32F8C8
:102A7000023B6FF35F234B60026295E5002804BFC1
:102A80000120704710B5044690F8410028B9002095
:102A900084F84000204600F063F8242084F84100C8
:102AA0002068D4E90212C36823F40053C3600369A9
:102AB00023F440531A430261D4E904231143C2684A
:102AC000194341F20C639A431143C1604169A26901
:102AD00021F44071114343F60002C4F20102904216
:102AE000416103D0FEF764FF02E000BFFEF774FF10
:102AF000D4E90023192148439900B0FBF1F048F2D2
:102B00001F5CC5F2EB1CA0FB0C314FF69C7349090E
:102B1000C0F6FF7301FB0300322303EB0010A0FBA0
:102B20000C03F02000EA531000EB0110C3F3431133
:102B3000084490601069202120F490401061506991
:102B400020F02A005061D06840F40050D06000208E
:102B5000606484F8411084F84210606310BD000086
:102B600070B586B040F60004C4F20104006804F5B4
:102B70004051002688420596CDE90366029601D0B1
:102B800006B070BD41F21800C4F20200016802AD47
:102B900041F480410160016801F480410191019993
:102BA000016841F0040101600068294600F004005A
:102BB000019001984FF400700290022003900320CE
:102BC00005902046FEF7CAFB4FF48060CDE902066F
:102BD000204629460496FEF7C1FB2520002100224D
:102BE000FEF74AFD2520FEF735FD06B070BD00005A
:102BF000704700002DE9F04381B0044690F8410091
:102C0000202809D100294FF0010018BF002A07D160
:102C100001B0BDE8F08300BF022001B0BDE8F08341
:102C20000020606421201D460E4684F841001746AE
:102C3000FEF7A2FCA784E784A1688146B1F5805F16
:102C400002D1206900285DD037460020E28C21683F
:102C5000002A5DD06A1C24D0002D4AD0804600BFD7
:102C60000868000608D4FEF787FCA0EB0900A8421C
:102C70007AD82168C868F3E717B117F8010B04E0A8
:102C800038F8020B00276FF35F204860E08C0138B2
:102C9000E084E08C0028E3D13AE000BF0A68120625
:102CA00009D40A68120606D40A6812065CBF0A68CC
:102CB0005FEA0262F2D51FB117F8012B05E000BFF1
:102CC00030F8022B00276FF35F224A60E28C013A52
:102CD000E284E28C002AE4D11AE000BF30F8022B33
:102CE00000276FF35F224A60E28C013AE284E28CB3
:102CF00072B10A68120635D5002FEFD017F8012BF4
:102D0000F1E700BF00273046E28C2168002AA1D1FC
:102D1000086840061ED42DB3681C14D1086840060C
:102D20002AD40868400627D40868400624D40868D6
:102D300040064FF00000F1D50DE000BF2068C168EB
:102D40000068400618D4FEF717FCA0EB0900A84263
:102D5000F4D909E00020202184F8411001B0BDE839
:102D6000F08300BFFEF708FC0320202184F8411007
:102D700001B0BDE8F08300BF0020202184F841109D
:102D800001B0BDE8F083000070470000FEE70000DE
:102D90002DE9F04F81B040F21809C2F200098346D4
:102DA000B9F80200B9F804100138013940F60044BE
:102DB00082B28BB200200021C4F2010401F01CFB9E
:102DC00020464FF400610022FEF7D0FB20464FF46E
:102DD00080610122FEF7CAFBB9F80400002842D046
:102DE0000DF10208B9F8021043F2B80608F1010724
:102DF0004FF0000AC2F2000605E000BF00210AF110
:102E0000010A82452FD20029F8D0002520464FF430
:102E100000610022ADF802B0FEF7A8FB20464FF497
:102E200080610122FEF7A2FB3046394601224FF0B5
:102E3000FF33FFF779F83046414601224FF0FF3368
:102E4000FFF772F820464FF400610122FEF78EFB77
:102E5000B9F8021001358D42D8D3B9F804000AF14F
:102E6000010A8245CFD320464FF400610122FEF7CC
:102E70007DFB01B0BDE8F08FB0B582B040F2180024
:102E8000C2F200002B21C1812C21C0F22A01C0F81E
:102E90000A10F021C0F2401140F60044C0F80210C0
:102EA0003620C4F201048DF8060020464FF400617C
:102EB0000022FEF75BFB20464FF480610022FEF704
:102EC00055FB43F2B805C2F200050DF10601284694
:102ED00001224FF0FF33FFF727F820464FF400613F
:102EE0000122FEF743FB08208DF8070020464FF42F
:102EF00000610022FEF73AFB20464FF48061012278
:102F0000FEF734FB0DF10701284601224FF0FF3395
:102F1000FFF70AF820464FF400610122FEF726FB76
:102F200002B0B0BD2DE9F04F81B040F60044C4F2CC
:102F3000010420464FF4805100224FF0000BFEF7B1
:102F400015FB64206426FEF7F5F920464FF4805106
:102F50000122FEF70BFB6420FEF7ECF96420FEF77C
:102F6000E9F9CF208DF8030020464FF400610022DC
:102F7000FEF7FCFA20464FF480610022FEF7F6FAD5
:102F800043F2B805C2F200050DF103012846012203
:102F90004FF0FF33FEF7C8FF20464FF400610122D7
:102FA000FEF7E4FA20464FF4006100228DF803B0EA
:102FB000FEF7DCFA20464FF480610122FEF7D6FAD4
:102FC0000DF10301284601224FF0FF33FEF7ACFF5D
:102FD00020464FF400610122FEF7C8FAD9208DF88F
:102FE000030020464FF400610022FEF7BFFA20469E
:102FF0004FF480610122FEF7B9FA0DF10301284672
:1030000001224FF0FF33FEF78FFF20464FF400619F
:103010000122FEF7ABFA30208DF8030020464FF472
:1030200000610022FEF7A2FA20464FF480610122DF
:10303000FEF79CFA0DF10301284601224FF0FF3301
:10304000FEF772FF20464FF400610122FEF78EFA70
:10305000ED208DF8030020464FF400610022FEF7BA
:1030600085FA20464FF480610022FEF77FFA0DF1C9
:103070000301284601224FF0FF33FEF755FF20469B
:103080004FF400610122FEF771FA20464FF400610F
:1030900000228DF80360FEF769FA20464FF4806144
:1030A0000122FEF763FA0DF10301284601224FF0D9
:1030B000FF33FEF739FF20464FF400610122FEF78F
:1030C00055FA03208DF8030020464FF400610022DA
:1030D000FEF74CFA20464FF480610122FEF746FAD3
:1030E0000DF10301284601224FF0FF33FEF71CFFCC
:1030F00020464FF400610122FEF738FA12272046DD
:103100004FF4006100228DF80370FEF72FFA20467D
:103110004FF480610122FEF729FA0DF103012846E0
:1031200001224FF0FF33FEF7FFFE20464FF400610F
:103130000122FEF71BFA81208DF8030020464FF490
:1031400000610022FEF712FA20464FF4806101224E
:10315000FEF70CFA0DF10301284601224FF0FF3370
:10316000FEF7E2FE20464FF400610122FEF7FEF971
:10317000E8208DF8030020464FF400610022FEF79E
:10318000F5F920464FF480610022FEF7EFF90DF1CA
:103190000301284601224FF0FF33FEF7C5FE20460B
:1031A0004FF400610122FEF7E1F985208DF803005C
:1031B00020464FF400610022FEF7D8F920464FF474
:1031C00080610122FEF7D2F90DF1030128460122A8
:1031D0004FF0FF33FEF7A8FE20464FF400610122B6
:1031E000FEF7C4F910208DF8030020464FF400616B
:1031F0000022FEF7BBF920464FF480610122FEF762
:10320000B5F90DF10301284601224FF0FF33FEF717
:103210008BFE20464FF400610122FEF7A7F97A20C9
:103220008DF8030020464FF400610022FEF79EF95E
:1032300020464FF480610122FEF798F90DF1030159
:10324000284601224FF0FF33FEF76EFE20464FF472
:1032500000610122FEF78AF9CB208DF80300204699
:103260004FF400610022FEF781F920464FF480619F
:103270000022FEF77BF90DF10301284601224FF0F1
:10328000FF33FEF751FE20464FF400610122FEF7A6
:103290006DF939208DF8030020464FF400610022BB
:1032A000FEF764F920464FF480610122FEF75EF9D3
:1032B0000DF10301284601224FF0FF33FEF734FEE3
:1032C00020464FF400610122FEF750F92C208DF8C2
:1032D000030020464FF400610022FEF747F9204624
:1032E0004FF480610122FEF741F90DF103012846F8
:1032F00001224FF0FF33FEF717FE20464FF4006126
:103300000122FEF733F920464FF4006100228DF8C8
:1033100003B0FEF72BF920464FF480610122FEF73F
:1033200025F90DF10301284601224FF0FF33FEF786
:10333000FBFD20464FF400610122FEF717F934200F
:103340008DF8030020464FF400610022FEF70EF9CD
:1033500020464FF480610122FEF708F90DF10301C8
:10336000284601224FF0FF33FEF7DEFD20464FF4E2
:1033700000610122FEF7FAF802208DF803002046D2
:103380004FF400610022FEF7F1F820464FF480610F
:103390000122FEF7EBF80DF10301284601224FF060
:1033A000FF33FEF7C1FD20464FF400610122FEF716
:1033B000DDF8F7208DF8030020464FF4006100226D
:1033C000FEF7D4F820464FF480610022FEF7CEF8D5
:1033D0000DF10301284601224FF0FF33FEF7A4FD53
:1033E00020464FF400610122FEF7C0F820208DF83E
:1033F000030020464FF400610022FEF7B7F8204694
:103400004FF480610122FEF7B1F80DF10301284667
:1034100001224FF0FF33FEF787FD20464FF4006195
:103420000122FEF7A3F8EA208DF8030020464FF4AE
:1034300000610022FEF79AF820464FF480610022D6
:10344000FEF794F80DF10301284601224FF0FF33F7
:10345000FEF76AFD20464FF400610122FEF786F870
:1034600020464FF4006100228DF803B0FEF77EF88D
:1034700020464FF480610122FEF778F80DF1030138
:10348000284601224FF0FF33FEF74EFD20464FF451
:1034900000610122FEF76AF820464FF40061002225
:1034A0008DF803B0FEF762F820464FF480610122E8
:1034B000FEF75CF80DF10301284601224FF0FF33BF
:1034C000FEF732FD20464FF400610122FEF74EF870
:1034D000C0208DF8030020464FF400610022FEF763
:1034E00045F820464FF480610022FEF73FF80DF1C9
:1034F0000301284601224FF0FF33FEF715FD204659
:103500004FF400610122FEF731F81B208DF8030013
:1035100020464FF400610022FEF728F820464FF4C1
:1035200080610122FEF722F80DF1030128460122F5
:103530004FF0FF33FEF7F8FC20464FF40061012204
:10354000FEF714F8C1208DF8030020464FF4006107
:103550000022FEF70BF820464FF480610022FEF7B0
:1035600005F80DF10301284601224FF0FF33FEF765
:10357000DBFC20464FF400610122FDF7F7FF2046F7
:103580004FF4006100228DF80370FDF7EFFF204635
:103590004FF480610122FDF7E9FF0DF10301284698
:1035A00001224FF0FF33FEF7BFFC20464FF40061CD
:1035B0000122FDF7DBFFC5208DF8030020464FF404
:1035C00000610022FDF7D2FF20464FF48061002207
:1035D000FDF7CCFF0DF10301284601224FF0FF3328
:1035E000FEF7A2FC20464FF400610122FDF7BEFF6A
:1035F000082620464FF4006100228DF80360FDF795
:10360000B5FF20464FF480610122FDF7AFFF0DF1B9
:103610000301284601224FF0FF33FEF785FC2046C8
:103620004FF400610122FDF7A1FF4FF0260820466C
:103630004FF4006100228DF80380FDF797FF2046CC
:103640004FF480610122FDF791FF0DF1030128463F
:1036500001224FF0FF33FEF767FC20464FF4006174
:103660000122FDF783FFC7208DF8030020464FF4A9
:1036700000610022FDF77AFF20464FF480610022AE
:10368000FDF774FF0DF10301284601224FF0FF33CF
:10369000FEF74AFC20464FF400610122FDF766FF69
:1036A000B7208DF8030020464FF400610022FDF79B
:1036B0005DFF20464FF480610122FDF757FF0DF1B9
:1036C0000301284601224FF0FF33FEF72DFC204670
:1036D0004FF400610122FDF749FF36208DF8030009
:1036E00020464FF400610022FDF740FF20464FF4D2
:1036F00080610022FDF73AFF0DF103012846012207
:103700004FF0FF33FEF710FC20464FF4006101221A
:10371000FDF72CFF20464FF4006100228DF8036076
:10372000FDF724FF20464FF480610122FDF71EFFC4
:103730000DF10301284601224FF0FF33FEF7F4FBA1
:1037400020464FF400610122FDF710FF3A208DF86A
:10375000030020464FF400610022FDF707FF2046DA
:103760004FF480610022FDF701FF0DF103012846AF
:1037700001224FF0FF33FEF7D7FB20464FF40061E4
:103780000122FDF7F3FE55208DF8030020464FF48B
:1037900000610022FDF7EAFE20464FF4806101221D
:1037A000FDF7E4FE0DF10301284601224FF0FF333F
:1037B000FEF7BAFB20464FF400610122FDF7D6FE6A
:1037C000B1208DF8030020464FF400610022FDF780
:1037D000CDFE20464FF480610022FDF7C7FE0DF1BB
:1037E0000301284601224FF0FF33FEF79DFB2046E0
:1037F0004FF400610122FDF7B9FE20464FF400614D
:1038000000228DF803B0FDF7B1FE20464FF4806131
:103810000122FDF7ABFE0DF10301284601224FF016
:10382000FF33FEF781FB20464FF400610122FDF7D4
:103830009DFE1A2620464FF4006100228DF8036099
:10384000FDF794FE20464FF480610122FDF78EFEC5
:103850000DF10301284601224FF0FF33FEF764FB10
:1038600020464FF400610122FDF780FEB6208DF85E
:10387000030020464FF400610022FDF777FE20464A
:103880004FF480610022FDF771FE0DF1030128461F
:1038900001224FF0FF33FEF747FB20464FF4006153
:1038A0000122FDF763FE0A2720464FF40061002243
:1038B0008DF80370FDF75AFE20464FF48061012217
:1038C000FDF754FE0DF10301284601224FF0FF33AE
:1038D000FEF72AFB20464FF400610122FDF746FE69
:1038E000A2208DF8030020464FF400610022FDF76E
:1038F0003DFE20464FF480610122FDF737FE0DF1B9
:103900000301284601224FF0FF33FEF70DFB20464E
:103910004FF400610122FDF729FEF2208DF803002B
:1039200020464FF400610022FDF720FE20464FF4B0
:1039300080610022FDF71AFE0DF1030128460122E5
:103940004FF0FF33FEF7F0FA20464FF400610122FA
:10395000FDF70CFE20464FF4006100228DF803B005
:10396000FDF704FE20464FF480610122FDF7FEFDC5
:103970000DF10301284601224FF0FF33FEF7D4FA80
:1039800020464FF400610122FDF7F0FD20464FF480
:10399000006100228DF80380FDF7E8FD20464FF41A
:1039A00080610022FDF7E2FD0DF1030128460122AE
:1039B0004FF0FF33FEF7B8FA20464FF400610122C2
:1039C000FDF7D4FD4FF0010A20464FF400610022BC
:1039D0008DF803A0FDF7CAFD20464FF48061012257
:1039E000FDF7C4FD0DF10301284601224FF0FF331E
:1039F000FEF79AFA20464FF400610122FDF7B6FD6A
:103A0000E0208DF8030020464FF400610022FDF70E
:103A1000ADFD20464FF480610022FDF7A7FD0DF1BA
:103A20000301284601224FF0FF33FEF77DFA2046BE
:103A30004FF400610122FDF799FD0F208DF803007E
:103A400020464FF400610022FDF790FD20464FF420
:103A500080610122FDF78AFD0DF103012846012254
:103A60004FF0FF33FEF760FA20464FF40061012269
:103A7000FDF77CFD4FF01D0920464FF40061002248
:103A80008DF80390FDF772FD20464FF4806101220E
:103A9000FDF76CFD0DF10301284601224FF0FF33C5
:103AA000FEF742FA20464FF400610122FDF75EFD69
:103AB00020464FF4006100228DF80360FDF756FDAB
:103AC00020464FF480610122FDF750FD0DF1030106
:103AD000284601224FF0FF33FEF726FA20464FF426
:103AE00000610122FDF742FD20464FF400610022F3
:103AF0008DF80370FDF73AFD20464FF480610122F6
:103B0000FDF734FD0DF10301284601224FF0FF338C
:103B1000FEF70AFA20464FF400610122FDF726FD68
:103B20000D208DF8030020464FF400610022FDF7C0
:103B30001DFD20464FF480610122FDF717FD0DF1B8
:103B40000301284601224FF0FF33FEF7EDF920462E
:103B50004FF400610122FDF709FD4FF007082046F0
:103B60004FF4006100228DF80380FDF7FFFC204632
:103B70004FF480610122FDF7F9FC0DF103012846A5
:103B800001224FF0FF33FEF7CFF920464FF40061DA
:103B90000122FDF7EBFC49208DF8030020464FF48D
:103BA00000610022FDF7E2FC20464FF48061012213
:103BB000FDF7DCFC0DF10301284601224FF0FF3335
:103BC000FEF7B2F920464FF400610122FDF7CEFC6A
:103BD00066208DF8030020464FF400610022FDF7B7
:103BE000C5FC20464FF480610122FDF7BFFC0DF1BA
:103BF0000301284601224FF0FF33FEF795F92046D6
:103C00004FF400610122FDF7B1FC3B208DF8030069
:103C100020464FF400610022FDF7A8FC20464FF437
:103C200080610122FDF7A2FC0DF10301284601226B
:103C30004FF0FF33FEF778F920464FF40061012280
:103C4000FDF794FC20464FF4006100228DF80380BC
:103C5000FDF78CFC20464FF480610122FDF786FCC5
:103C60000DF10301284601224FF0FF33FEF75CF906
:103C700020464FF400610122FDF778FC11208DF8F9
:103C8000030020464FF400610022FDF76FFC204640
:103C90004FF480610122FDF769FC0DF10301284614
:103CA00001224FF0FF33FEF73FF920464FF4006149
:103CB0000122FDF75BFC20464FF4006100228DF8E5
:103CC00003A0FDF753FC20464FF480610122FDF76D
:103CD0004DFC0DF10301284601224FF0FF33FEF7A2
:103CE00023F920464FF400610122FDF73FFC092033
:103CF0008DF8030020464FF400610022FDF736FCEA
:103D000020464FF480610122FDF730FC0DF10301E4
:103D1000284601224FF0FF33FEF706F920464FF404
:103D200000610122FDF722FC4FF0050A20464FF406
:103D3000006100228DF803A0FDF718FC20464FF427
:103D400080610122FDF712FC0DF1030128460122DA
:103D50004FF0FF33FEF7E8F820464FF400610122F0
:103D6000FDF704FC042720464FF4006100228DF883
:103D70000370FDF7FBFB20464FF480610122FDF745
:103D8000F5FB0DF10301284601224FF0FF33FEF74A
:103D9000CBF820464FF400610122FDF7E7FBE1205C
:103DA0008DF8030020464FF400610022FDF7DEFB92
:103DB00020464FF480610022FDF7D8FB0DF103018E
:103DC000284601224FF0FF33FEF7AEF820464FF4AD
:103DD00000610122FDF7CAFB20464FF4006100227A
:103DE0008DF803B0FDF7C2FB20464FF4806101223D
:103DF000FDF7BCFB0DF10301284601224FF0FF3314
:103E0000FEF792F820464FF400610122FDF7AEFB69
:103E100018208DF8030020464FF400610022FDF7C2
:103E2000A5FB20464FF480610122FDF79FFB0DF1B9
:103E30000301284601224FF0FF33FEF775F82046B4
:103E40004FF400610122FDF791FB20464FF4006121
:103E500000228DF80390FDF789FB20464FF4806126
:103E60000122FDF783FB0DF10301284601224FF0EB
:103E7000FF33FEF759F820464FF400610122FDF7A9
:103E800075FB02208DF8030020464FF400610022EC
:103E9000FDF76CFB20464FF480610122FDF766FBC5
:103EA0000DF10301284601224FF0FF33FEF73CF8E5
:103EB00020464FF400610122FDF758FB0F208DF8DA
:103EC000030020464FF4006100220F26FDF74EFB51
:103ED00020464FF480610122FDF748FB0DF10301FC
:103EE000284601224FF0FF33FEF71EF820464FF41C
:103EF00000610122FDF73AFB20464FF400610022E9
:103F00008DF80370FDF732FB20464FF480610122EB
:103F1000FDF72CFB0DF10301284601224FF0FF3382
:103F2000FEF702F820464FF400610122FDF71EFB68
:103F300036208DF8030020464FF400610022FDF783
:103F400015FB20464FF480610122FDF70FFB0DF1B8
:103F50000301284601224FF0FF33FDF7E5FF20461D
:103F60004FF400610122FDF701FB132720464FF4B7
:103F7000006100228DF80370FDF7F8FA20464FF437
:103F800080610122FDF7F2FA0DF1030128460122BA
:103F90004FF0FF33FDF7C8FF20464FF400610122C8
:103FA000FDF7E4FA4C208DF8030020464FF4006141
:103FB0000022FDF7DBFA20464FF480610122FDF775
:103FC000D5FA0DF10301284601224FF0FF33FDF72A
:103FD000ABFF20464FF400610122FDF7C7FA2046EF
:103FE0004FF4006100228DF80380FDF7BFFA2046F0
:103FF0004FF480610122FDF7B9FA0DF10301284663
:1040000001224FF0FF33FDF78FFF20464FF4006190
:104010000122FDF7ABFA20464FF4006100228DF833
:104020000370FDF7A3FA20464FF480610122FDF7EB
:104030009DFA0DF10301284601224FF0FF33FDF7F1
:1040400073FF20464FF400610122FDF78FFA2046EE
:104050004FF4006100228DF80360FDF787FA2046D7
:104060004FF480610122FDF781FA0DF1030128462A
:1040700001224FF0FF33FDF757FF20464FF4006158
:104080000122FDF773FA2E208DF8030020464FF42D
:1040900000610022FDF76AFA20464FF48061012298
:1040A000FDF764FA0DF10301284601224FF0FF33BA
:1040B000FDF73AFF20464FF400610122FDF756FA62
:1040C0002F208DF8030020464FF400610022FDF7F9
:1040D0004DFA20464FF480610122FDF747FA0DF1B9
:1040E0000301284601224FF0FF33FDF71DFF204654
:1040F0004FF400610122FDF739FA20464FF40061C8
:1041000000228DF803A0FDF731FA20464FF48061BC
:104110000122FDF72BFA0DF10301284601224FF091
:10412000FF33FDF701FF20464FF400610122FDF748
:104130001DFA2B208DF8030020464FF40061002269
:10414000FDF714FA20464FF480610022FDF70EFAC5
:104150000DF10301284601224FF0FF33FDF7E4FE85
:1041600020464FF400610122FDF700FA20464FF48B
:10417000006100228DF803B0FDF7F8F920464FF4F6
:1041800080610122FDF7F2F90DF1030128460122B9
:104190004FF0FF33FDF7C8FE20464FF400610122C7
:1041A000FDF7E4F920464FF4006100228DF803B0DA
:1041B000FDF7DCF920464FF480610122FDF7D6F9C6
:1041C0000DF10301284601224FF0FF33FDF7ACFE4D
:1041D00020464FF400610122FDF7C8F901208DF857
:1041E000030020464FF400610022FDF7BFF920468E
:1041F0004FF480610122FDF7B9F90DF10301284662
:1042000001224FF0FF33FDF78FFE20464FF400618F
:104210000122FDF7ABF93F208DF8030020464FF453
:1042200000610022FDF7A2F920464FF480610122CF
:10423000FDF79CF90DF10301284601224FF0FF33F1
:10424000FDF772FE20464FF400610122FDF78EF962
:104250002A208DF8030020464FF400610022FDF76C
:1042600085F920464FF480610022FDF77FF90DF1BA
:104270000301284601224FF0FF33FDF755FE20468B
:104280004FF400610122FDF771F920464FF40061FF
:1042900000228DF803B0FDF769F920464FF48061E4
:1042A0000122FDF763F90DF10301284601224FF0C9
:1042B000FF33FDF739FE20464FF400610122FDF780
:1042C00055F920464FF4006100228DF803B0FDF748
:1042D0004DF920464FF480610122FDF747F90DF1B9
:1042E0000301284601224FF0FF33FDF71DFE204653
:1042F0004FF400610122FDF739F920464FF40061C7
:1043000000228DF803B0FDF731F920464FF48061AB
:104310000122FDF72BF90DF10301284601224FF090
:10432000FF33FDF701FE20464FF400610122FDF747
:104330001DF9EF208DF8030020464FF400610022A4
:10434000FDF714F920464FF480610122FDF70EF9C4
:104350000DF10301284601224FF0FF33FDF7E4FD84
:1043600020464FF400610122FDF700F911208DF87D
:10437000030020464FF400610022FDF7F7F82046C5
:104380004FF480610022FDF7F1F80DF1030128469A
:1043900001224FF0FF33FDF7C7FD20464FF40061C7
:1043A0000122FDF7E3F87820FCF7C4FF29208DF8FF
:1043B000030020464FF400610022FDF7D7F82046A5
:1043C0004FF480610022FDF7D1F80DF1030128467A
:1043D00001224FF0FF33FDF7A7FD20464FF40061A7
:1043E0000122FDF7C3F8FEF747FD4FF6FF70FEF719
:1043F000CFFC01B0BDE8F08F2DE9F04784B040F26A
:10440000180AC2F2000A89469AF80C1040F60044D5
:10441000C4F20104164607468DF8051020464FF4F5
:10442000006100229846FDF7A1F820464FF4806114
:104430000022FDF79BF843F2B805C2F200050DF12A
:104440000501284601224FF0FF33FDF76DFD2046A0
:104450004FF400610122FDF789F8380A8DF8060053
:1044600020464FF400610022FDF780F820464FF40B
:1044700080610122FDF77AF80DF10601284601223C
:104480004FF0FF33FDF750FD20464FF4006101224D
:10449000FDF76CF820464FF4006100228DF807709C
:1044A000FDF764F820464FF480610122FDF75EF8C5
:1044B0000DF10701284601224FF0FF33FDF734FDCF
:1044C00020464FF400610122FDF750F8300A8DF8C4
:1044D000080020464FF400610022FDF747F820460F
:1044E0004FF480610122FDF741F802A9284601221C
:1044F0004FF0FF33FDF718FD20464FF40061012215
:10450000FDF734F820464FF4006100228DF8096071
:10451000FDF72CF820464FF480610122FDF726F8C4
:104520000DF10901284601224FF0FF33FDF7FCFC95
:1045300020464FF400610122FDF718F89AF80E00AA
:104540004FF400618DF80A0020460022FDF70EF8B6
:1045500020464FF480610022FDF708F80DF10A01B2
:10456000284601224FF0FF33FDF7DEFC20464FF4D2
:1045700000610122FCF7FAFF4FEA19208DF80B00C9
:1045800020464FF400610022FCF7F0FF20464FF474
:1045900080610122FCF7EAFF0DF10B0128460122A0
:1045A0004FF0FF33FDF7C0FC20464FF400610122BD
:1045B000FCF7DCFF20464FF4006100228DF80C90E0
:1045C000FCF7D4FF20464FF480610122FCF7CEFFB8
:1045D00003A9284601224FF0FF33FDF7A5FC204632
:1045E0004FF400610122FCF7C1FF4FEA18208DF85B
:1045F0000D0020464FF400610022FCF7B7FF204673
:104600004FF480610122FCF7B1FF0DF10D01284646
:1046100001224FF0FF33FDF787FC20464FF4006185
:104620000122FCF7A3FF20464FF4006100228DF821
:104630000E80FCF79BFF20464FF480610122FCF7BF
:1046400095FF0DF10E01284601224FF0FF33FDF7D3
:104650006BFC20464FF400610122FCF787FF9AF8BB
:104660000A004FF400618DF80F0020460022FCF78D
:104670007DFF20464FF480610022FCF777FF0DF1AB
:104680000F01284601224FF0FF33FDF74DFC204675
:104690004FF400610122FCF769FF04B0BDE8F08728
:1046A0002DE9F04F85B0914640F21802C2F20002A7
:1046B0000F9C12880393009200EB54020B19013AED
:1046C000013B92B29BB2FFF797FE14B10F980128FD
:1046D00012D140F218010098C2F200010880488807
:1046E00089880138013982B28BB200200021FFF79E
:1046F00083FE05B0BDE8F08FDDE90E0140F6004411
:104700004FEA510A04A94E1C0DF1120120384F1C2A
:1047100048F2A801C0B2C0F6000143F2B805C4F2E5
:104720000104002201EB0010C2F20005019004E038
:10473000029A0F9801328242CBD001984FF00008C4
:1047400010F802B0029229E003984FF40061ADF82E
:10475000120020460022FCF709FF20464FF480613A
:104760000122FCF703FF2846394601224FF0FF33B0
:10477000FDF7DAFB28460DF1120101224FF0FF335D
:10478000FDF7D2FB20464FF400610122FCF7EEFE5C
:1047900008F10108D0454FEA5B0BC9D25FEACB7044
:1047A000D2D020464FF400610022ADF81090FCF703
:1047B000DDFE20464FF480610122FCF7D7FE28463B
:1047C000314601224FF0FF33FDF7AEFB284604A926
:1047D000D3E70000B0B584B043F2440042F2004198
:1047E000C2F20000C4F2010100244FF400220125AE
:1047F00004730475C261C0E9001484600561FCF7AC
:1048000023FA002818BFFCF759F90520039043F25A
:104810004400C2F2000001A9CDE90145FCF754F9BA
:10482000002818BFFCF74AF904B0B0BD80B582B0CB
:1048300041F21400C4F202000168002241F00101BB
:1048400001600068002100F00100019001980B2038
:10485000FCF712FF0B2002B0BDE88040FCF7FABE67
:104860002DE9F04186B0002641F21800CDE904663A
:10487000CDE90266C4F20200016840F6004841F04A
:10488000200101600168C4F2010801F020010191DA
:1048900001990168012241F00401016001680127CA
:1048A00001F0040101910199016841F008010160E2
:1048B00000684FF4F05100F0080001900198404664
:1048C000FCF754FE4FF4E05002ADCDE9020703249B
:1048D0004046294604970594FCF740FD4FF40070CC
:1048E000CDE9020740462946CDE90464FCF736FDD0
:1048F00006B0BDE8F081000080B543F2B80043F691
:104900000001C2F20000C4F200014FF482720023E1
:104910004FF4007C80E80E000A21C0E90333C0E9AF
:10492000053CC361C0E90833C0E90A31FDF768FA04
:10493000002808BF80BDBDE88040FCF7BFB800007C
:1049400080B586B02020009043F2101040F2004263
:104950000021C2F20000C4F20002472340F2E73C0B
:104960000591CDE903110191C0E90023C0E9021CC2
:1049700001618161FDF72CFC002818BFFCF79EF84F
:104980004FF48050029043F21010C2F2000002A9CE
:10499000FDF7E8FC002818BFFCF790F843F2101070
:1049A000C2F200006946FDF7D3FB002818BFFCF7F0
:1049B00085F806B080BD000080B543F2581043F67C
:1049C0000001C2F20000C4F2010100234FF00C0C00
:1049D0004FF4E13280E80E00C0E90333C0E905C3BB
:1049E000C361FEF74BF8002808BF80BDBDE88040DA
:1049F000FCF764B8FEE70000FEE700007047000027
:104A00002DE9F04381B0089C984615460E46814634
:104A1000FCF7B2FD201A00EB0804FCF7ADFD40F2F4
:104A20001001C2F200010968C1F3CB31614300916A
:104A3000D9F800108A683240921BB2FA82F2520909
:104A400095423DD0074618F1010031D0FCF794FDA6
:104A5000C01BA04238D2009800990028A1F10101A2
:104A60000091D9F80010896808BF044601EA0600E1
:104A7000801BB0FA80F040098542E7D120E000BFFA
:104A800088683040801BB0FA80F04009854217D01A
:104A900088683040801BB0FA80F0400985420FD012
:104AA00088683040801BB0FA80F04009854207D00A
:104AB00088683040801BB0FA80F040098542DFD121
:104AC000002001B0BDE8F083D9E900014268B1F5EA
:104AD000827F22F0E00242600BD1D9F80810B1F5D4
:104AE000004F02D0B1F5806F03D1016821F0400181
:104AF0000160D9F82810B1F5005F07D1016821F4F1
:104B000000510160016841F400510160012089F801
:104B10005100002089F85000032001B0BDE8F08367
:104B200070470000FCF72EBD70470000406A00216E
:104B3000C185C184FDF7E8BC81B090F842102229FC
:104B400021D183680246B3F5805F09D152F8281F4E
:104B500052F8183C002B63D003685B680AE000BF82
:104B600052F8281F13B90369002BF5D003685B685E
:104B700003F07F030B70116801311160C18D0139A1
:104B80000A04C18502D001B0704700BF0168CA683D
:104B900022F02002CA60CA6822F48072CA604A69A0
:104BA00022F001024A61202180F842100021416375
:104BB000026B012A3CD10163016851E8031F0268BE
:104BC00021F0100142E80313DBB1016851E8031F33
:104BD000026821F0100142E8031393B1016851E823
:104BE000031F026821F0100142E803134BB1016872
:104BF00051E8031F026821F0100142E80313002B63
:104C0000DAD101680A68D20606D5002200920A6845
:104C10000092496800910099818D01B0FDF772BC46
:104C2000026852686FF35F2221F8022B8162A5E7C8
:104C300001B0FDF7DDBF000043F25810C2F20000E2
:104C4000FDF764BCFEE700002DE9F04FABB0B0F813
:104C50000090984692460446012A8B4631D1B9F11C
:104C6000000F2ED00BF10400B9F1040F09F003017D
:104C700016D329F0030200BF03688768066983F032
:104C800000438569036087F00043836086F000433A
:104C9000036185F000438361043A00F12000EBD109
:104CA00079B10268012982F00042026009D082686D
:104CB000022982F00042826003D0016981F0004144
:104CC0000161B9F1FF0FCDF8A8B00FDDB9F5806F24
:104CD000C0F27E81B9F5805F00F08081B9F5006F88
:104CE00000F08881B9F5806F14D07DE1B9F13F0FF4
:104CF00008DCB9F1100F0DD0B9F1200F00F07A8166
:104D000072E100BFB9F1400F00F06881B9F1800F86
:104D100040F06A810BEB8900149060684FEA5901FA
:104D2000159088006FF00F0300EB89004FEAD9025D
:104D3000139103EB810103EB89070838CDF810804C
:104D4000CDF818A00594CDF81C9000BFCDE9231331
:104D50000BEB01080BEB0701CDE921070BEB030A75
:104D6000289158440D6901F1140BD8F810102090C7
:104D70001691D8F8141025921891D8F81810DAF86E
:104D800010201C91D8F81C10DAF81C601E91816864
:104D9000DAE905792791C16826961791016940697A
:104DA0009BE850081D9015981991184429901046B9
:104DB00029461F921B95FBF7E6F9CAF81000384602
:104DC0002146FBF7E0F9CAF8140048463146FBF7E4
:104DD000DAF9CAF8180026985946FBF7D4F9CAF848
:104DE0001C001F981B99FBF720FA1B9038462146A0
:104DF000FBF71BFA1A9048463146FBF716FA1F904C
:104E000026985946FBF711FADDF858B027992690F5
:104E10005846FBF7B8F9DDF86090DDF85CA0C8F8FB
:104E2000100048465146FBF7AEF91C9D199FC8F883
:104E3000140028463946FBF7A6F91E9C1D9EC8F8AB
:104E4000180020463146FBF79EF9C8F81C00279849
:104E50005946FBF7EAF9169050464946FBF7E5F943
:104E6000189038462946FBF7E0F92790304621464E
:104E7000FBF7DBF929991B9ED1E904451E903046CA
:104E80002146FBF7D8F91A9F804638462946FBF79A
:104E9000D2F9834638462146FBF7CDF982463046A3
:104EA0002946FBF7C8F9814640465946FBF76BF99E
:104EB000289E494630615046FBF7B7F97061169E4F
:104EC00029463046FBF7B7F9189F804638462146F9
:104ED000FBF7B1F9814638462946FBF7ACF90546A0
:104EE00030462146FBF7A7F9044640464946FBF702
:104EF0009CF9DDF880A02946CAF808002046FBF797
:104F000042F9CAF80C0029981F9ED0E906453046A0
:104F10002146FBF790F9269F804638462946FBF745
:104F20008AF9834638462146FBF785F981463046A3
:104F30002946FBF780F9064640465946DDF8A8B0F9
:104F4000FBF721F9289F3146B8614846FBF76DF918
:104F5000279EF86130462946FBF76DF91E9F804673
:104F600038462146FBF767F9814638462946FBF764
:104F700062F9054630462146FBF75DF90446404696
:104F80004946FBF752F9CAF8100020462946FBF7BC
:104F9000FAF8DDE92271DDE92432CAF8140021981B
:104FA000013A03F1100301F1100107F1100700F1BC
:104FB00010007FF4CBAE139D159A58462946022364
:104FC00000F0C6FE059C1498626829460223CBE3D4
:104FD000B9F5807F0ED0B9F5007F05D162685846DB
:104FE0004946012300F0B4FEB8F1000F40F0C6833B
:104FF00000F08CBC2A984FEA590B00EB8B0101EBB7
:105000008B00CDF8108000EB8B0806466068059495
:1050100008904FEA990000902A9851F82B40D0E967
:105020000057CDF818A08A46019128462146CDF8B0
:105030000C80FBF7A8F8259028462146FBF7F5F8E9
:10504000746805462490384621460296FBF79BF883
:10505000239038462146FBF7E8F8DAF80470044656
:10506000229028463946FBF78EF8D8F80450294696
:10507000FBF7DBF82A99299051F82BA020465146DE
:10508000FBF7D3F856F82B804146FBF77CF8259EBA
:10509000289030465146FBF7C8F84146FBF7C5F863
:1050A000239C279020463946FBF7BFF82946FBF79B
:1050B000BCF8269024983946FBF7B7F82946FBF749
:1050C00062F8249022985146FBF75DF84146FBF7C1
:1050D000ACF8229030465146FBF755F84146FBF7B5
:1050E00052F82A99086020463946FBF74CF82946C1
:1050F000FBF749F82A996FF007024860DDE92910AB
:1051000002EB8B0640F82B1001982899CDF81C90E3
:10511000416027996FF00F0840F82B1002982699EC
:105120004160249940F82B100398229941606FF058
:10513000010000EB990029F001014FEA500C6FF0DB
:10514000030001EB590100EB0B1502EB810A02EBA6
:10515000CB0100EBCB04DDF8A8B06FF01700574689
:10516000B14624900898CDE91EA20BEB020302443D
:1051700012920BEB0502219200EB080217920BEB47
:105180000702CDE91C1C23920BEB01022499CDE907
:105190002674084419900BEB0400CDE9285625909D
:1051A0000BEB0600D3E90445D2E90467CDF868901B
:1051B000D9442290204631461093CDF88090CDF806
:1051C0006C8018920BEB0A08FAF7DDFF8346204645
:1051D0003146FBF72AF80446169028463946FAF776
:1051E000D2FF824628463946FBF71FF8D9E90476F4
:1051F000814620463146FAF7C6FFD8E90454CDF877
:1052000054802146FBF711F80E9048463946FBF7CB
:105210000CF82946FAF7B7FF0D9058463946FBF7C8
:1052200004F82946FBF701F8139050463146FAF787
:10523000FCFF2146FAF7F9FF119016983146FAF76C
:10524000F4FF2146FAF79FFF169048463946FAF7D1
:105250009AFF2946FAF7E9FF149058463946FAF7BB
:1052600092FF2946FAF78FFF109C20612098416930
:105270005046FAF788FFD8F81410FAF784FF6061F7
:10528000DDE9291044582A98269945582046294690
:10529000FAF779FF804620462946FAF7C6FF229999
:1052A00006464C68239910904D6820462946FAF727
:1052B0006AFF074620462946FAF7B7FF2A99279A38
:1052C000054651F802B02A99289A0F9051F802A089
:1052D00058465146FAF7A9FF044630462146FAF7E8
:1052E00052FF25990A9051F8049C28464946FAF73E
:1052F0009CFF219E56F8045C2946FAF744FF09906A
:1053000040464946FAF791FF2946FAF78EFF0C907E
:1053100038465946FAF789FF5146FAF786FF109941
:105320000B902046FAF781FF109028464946FAF77D
:105330007CFF0F99FAF779FF0F9038465946DDF850
:10534000A8B0FAF720FF5146FAF71DFF2299DDF8C1
:1053500094A048605AF8041C4046FAF714FF56F827
:10536000041CFAF710FF29990E9C4BF801001298C3
:10537000D0E9045620462946FAF75DFF0D9F804686
:1053800038463146FAF757FF824638462946FAF73B
:1053900052FF814620463146FAF74DFF044640460B
:1053A0005146FAF7F0FE209F214638614846FAF749
:1053B0003CFF7861099F31463846FAF73CFF0A9C6A
:1053C000804620462946FAF736FF81462046314678
:1053D000FAF731FF064638462946FAF72CFF05460C
:1053E00040464946FAF721FF27994BF80100284625
:1053F0003146FAF7C8FE2599139E41F8040C179818
:10540000D0E9085430462946FAF715FF119F804627
:1054100038462146FAF70FFF824638462946FAF702
:105420000AFF814630462146FAF705FF0646404608
:105430005146FAF7A8FE189F314638614846FAF7F8
:10544000F4FE78610B9F284687F00041FAF7F3FEDF
:105450000C9E804630462146FAF7EDFE81463046E6
:105460002946FAF7E8FE054638462146FAF7E3FEF4
:10547000044640464946FAF7D8FE2399486020463C
:105480002946FAF7D2FE2699169E4BF80100199884
:10549000D0E90C4530462146FAF7CDFE149F8046F0
:1054A00038462946FAF7C7FE824638462146FAF7BB
:1054B000C2FE814630462946FAF7BDFE0646404602
:1054C0005146FAF760FE159FDDF878A0386148462E
:1054D0003146FAF7AAFE0F9E786130462946FAF760
:1054E000AAFE109F804638462146FAF7A4FE814660
:1054F00038462946FAF79FFE054630462146FAF718
:105500009AFE044640464946FAF78FFE28994BF822
:10551000010020462946FAF736FE219BDDE9267474
:10552000DDE92856DDE91C1C1F9A43F8040CDDF860
:105530006890DDF86C802498BCF1010C02F108023F
:1055400009F10809A5F1080508F11008A7F10807F5
:1055500001F1080100F11800A4F108040AF1080A99
:10556000A6F1080624907FF4FDAD0BEB02030BEBD4
:105570000100D3E9044BD0E9045627902046294680
:1055800023931F92FAF7FFFD1C9020462946FAF755
:105590004CFE054658463146FAF7F5FD1D90584633
:1055A0003146FAF742FE2A9907464944D1E90446B2
:1055B0002891259028463146AB46FAF7E4FD2A9912
:1055C0005144D1E9045929914946FAF72EFE209019
:1055D00038462146FAF729FE2946FAF7D4FD1C9FE2
:1055E0001E9038462146FAF720FE2946FAF71DFE9E
:1055F000DDF874A0229050463146FAF716FE49466F
:10560000FAF713FE21905846DDF8A8B03146FAF7B4
:105610000CFE4946FAF7B7FD269025982146FAF781
:10562000B2FD2946FAF701FE259038462146FAF7E1
:10563000AAFD2946FAF7A7FD239C20612898416915
:105640005046FAF7A0FD29994969FAF79CFD606177
:105650001F980899DDF880A00844D0E90445504619
:105660002146FAF7E8FDDDF87890064648462946D7
:10567000FAF7E1FD074648462146FAF7DCFD044605
:1056800050462946FAF7D7FD054630463946FAF71F
:105690007AFD289E294630612046FAF7C6FDDDF8DE
:1056A0002090706109EB0800D0E90845229E214650
:1056B0003046FAF7C0FD219F804638462946FAF762
:1056C000BAFD824638462146FAF7B5FD0446304613
:1056D0002946FAF7B0FD054640465146FAF753FD14
:1056E000279E294630612046FAF79FFD7061249875
:1056F000269E4844D0E90C4530462146FAF79BFDEA
:10570000259F804638462946FAF795FD8246384659
:105710002146FAF790FD044630462946FAF78BFDFC
:10572000054640465146FAF72EFD299E294630612E
:105730002046FAF77AFD009D7061584629464A4690
:10574000042300F005FB059C0198626829460423A8
:1057500000F0FEFA626802982946042300F0F8FA85
:10576000626803982946042300F0F2FADDE906A9ED
:10577000DDF81080B8F1000F00F0C880A089002883
:1057800000F0C480421E0123D4F8088003EB5202CB
:10579000072802F0030C03D24FF0000E68E000BFB0
:1057A00022F0030308F10E074FEA430E37F80E6CA0
:1057B00037F80C5C26F0030625F003055BF80600BD
:1057C0005BF805200BEB06040BEB05014BF80620FC
:1057D0004BF805004868626860604A6037F80A0C58
:1057E00037F8081C20F0030021F003015BF80040AB
:1057F0005BF801500BEB00020BEB01064BF800507D
:105800004BF80140706851685060716037F8060CC1
:1058100037F8041C20F0030021F003015BF800407E
:105820005BF801500BEB00020BEB01064BF800504C
:105830004BF80140706851685060716037F8020C95
:1058400037F8101B20F0030021F003015BF8004043
:105850005BF801500BEB00020BEB01064BF800501C
:105860004BF8014070685168043B506071609DD1F5
:10587000BCF1000F4AD008EB4E0338F81E005988DF
:1058800020F0030021F003015BF800705BF8016079
:105890000BEB00020BEB01054BF800604BF80170BD
:1058A00068685168BCF1010F506069602ED098881B
:1058B000D98820F0030021F003015BF800705BF849
:1058C00001600BEB00020BEB01054BF800604BF89D
:1058D000017068685168BCF1020F5060696015D0B2
:1058E0001889598920F0030021F003015BF800308A
:1058F0005BF801700BEB00020BEB01064BF800703C
:105900004BF801307068516850607160BAF1010F56
:1059100040F088804846FAF7A2FE01464FF07E50DC
:10592000FAF7BBFCB9F1000F7CD00546B9F1040FC2
:1059300009F0030843D329F0030700BFDBE9001691
:10594000DBE902492846FAF776FCCBF8000086F03E
:1059500000412846FAF76FFCCBF8040028462146A0
:10596000FAF769FCCBF8080089F000412846FAF7FD
:1059700062FCDBF81010CBF80C002846FAF75BFC51
:10598000DBF81410CBF8100081F000412846FAF73C
:1059900052FCDBF81810CBF814002846FAF74BFC41
:1059A000DBF81C10CBF8180081F000412846FAF70C
:1059B00042FCCBF81C00043F0BF1200BBED1B8F128
:1059C000000F2FD0DBE900142846FAF734FCCBF89F
:1059D000000084F000412846FAF72DFCB8F1010FD1
:1059E000CBF804001ED0DBE902142846FAF723FCAA
:1059F000CBF8080084F000412846FAF71CFCB8F107
:105A0000020FCBF80C000DD0DBE904142846FAF79E
:105A100012FCCBF8100084F000412846FAF70BFC8A
:105A2000CBF814002BB0BDE8F08F000048F2980CC2
:105A3000C0F6000CDCE901320146C1E901324FF445
:105A40008060BCF80C20088000208A81704700002C
:105A5000002A08BF70472DE9F04381B014468846FC
:105A6000064612F003091BD0D6E900700146FAF78A
:105A7000E2FB054638463946FAF7DDFB2946FAF7D8
:105A800082FB01F0DEFB4146B9F1010F41F8040B46
:105A90000AD10836A4F101098846042C3BD282E0E1
:105AA000A146042C37D27EE0D6E902500146FAF72F
:105AB000C2FB074628462946FAF7BDFB3946FAF7E6
:105AC00062FB01F0BEFBB9F1020FC8F8040007D178
:105AD000103608F10808A4F10209042C1BD262E078
:105AE000D6E9045006F118070146FAF7A4FB06466A
:105AF00028462946FAF79FFB3146FAF744FB08F19E
:105B00000C0501F09EFBC8F80800A4F103093E460D
:105B1000A846042C47D3203EA8F1100756F8204F82
:105B200070680146FAF787FB054620462146FAF7DA
:105B300082FB2946FAF727FB01F083FB47F8100F99
:105B4000D6E902400146FAF776FB05462046214693
:105B5000FAF771FB2946FAF716FB01F072FB786041
:105B6000D6E904400146FAF766FB05462046214681
:105B7000FAF761FB2946FAF706FB01F062FBB86011
:105B8000D6E906400146FAF756FB0546204621466F
:105B9000FAF751FB2946FAF7F6FA01F052FBB9F190
:105BA0000409F860BAD101B0BDE8F04370470000C5
:105BB0002DE9F04F89B0D0F800904E1E924615D0D6
:105BC0000746881E032806F003080491059317D2A0
:105BD0004FF0000B4D46B8F1000F73D1CAF800909A
:105BE000C3F800B009B0BDE8F08F00BF4FF0000B64
:105BF000CAF80090C3F800B009B0BDE8F08F00BF4C
:105C000001A880E8400526F003004FF0000B4FF09C
:105C1000000A069057F8100F089057E9038557F8C7
:105C2000040C414607904846FAF7FDFC00284C4614
:105C30004846414618BF4446FAF7F5FC002820467E
:105C4000294618BF0AF1010BFAF7EDFC0028264699
:105C50002046294618BF2E46FAF7E5FC002818BF53
:105C60000AF1020B079D30462946FAF7DCFC0028B2
:105C700034463046294618BF2C46FAF7D4FC002893
:105C800018BF0AF1030B089D20462946FAF7CBFC02
:105C90000028A146204629460AF1040A18BFA94651
:105CA000FAF7C1FC002818BFD34606985045B1D179
:105CB000019E059BA6EB0A06DDE9028A4D46B8F176
:105CC000000F8BD07C6828462146FAF7ACFC04997B
:105CD0000028A1EB0606A9462846214618BFA14682
:105CE000FAF7A1FC002818BFB346B8F1010F26D07F
:105CF000BC6848462146FAF796FC00284D464846BF
:105D0000214618BF2546FAF78EFC002818BF06F179
:105D1000010BB8F1020F01D1A94610E0FC6828463A
:105D20002146FAF780FC0028A9462846214618BFDC
:105D3000A146FAF778FC002818BF06F1020B059B74
:105D4000CAF80090C3F800B009B0BDE8F08F0000B9
:105D50002DE9F04FB5B0CDE90232009004300B468A
:105D600001901891DC084FF6F87003EA000AE00091
:105D7000A0EBD300C000349004EB44000201209259
:105D800004EB8402DDF80490DE00D500C200670158
:105D90000594200100241D90CDE91963CDE91B5A1B
:105DA000CDE91E7209EB0700339459F8044C50F802
:105DB000046C2B9020463146FAF7E5F980462046E0
:105DC0003146FAF732FA09EB0A01319151F8046CC5
:105DD00009EB050151F8047C32912E90304639468A
:105DE000FAF7D1F9824630463946FAF71EFA1D997C
:105DF0002C904944299151F8047C20993846494413
:105E000051F8045C2A912946FAF7BDF9064638464E
:105E10002946FAF70AFA1F99DDF8D0B0494409EB90
:105E20000B0251F8045C52F8047C30912D90284606
:105E300039462F92FAF7A7F9044628463946FAF769
:105E4000F4F9289040463146FAF7EFF9259040469C
:105E50003146FAF798F9054650462146FAF7E5F932
:105E6000269050462146FAF78EF9044628462146E8
:105E7000FAF789F949F8040C28462146FAF7D5F9CA
:105E80001E99D9F8005059F801602B9941F8040C7B
:105E900028463146FAF777F9824628463146FAF71E
:105EA000C4F91C992B9059F801601B99304659F898
:105EB00001703946FAF767F9054630463946FAF770
:105EC000B4F91D99249059F801702099384659F871
:105ED00001402146FAF757F9064638462146FAF7B7
:105EE000A4F91F9959F80B7059F8014027902046E2
:105EF0003946FAF748F9804620463946FAF795F9C7
:105F0000239050463146FAF790F983465046314681
:105F1000FAF739F9064628464146FAF786F9044663
:105F200028464146FAF72FF9054630462946FAF742
:105F30002AF9C9F8000030462946FAF776F91E9981
:105F4000259D49F8010028462146FAF71CF92999B0
:105F500041F8040C28462146FAF767F92A99269C4D
:105F600041F8040C58462146FAF75FF91D9949F8A3
:105F7000010020465946FAF706F920992C9C289DE5
:105F800049F8010020462946FAF74FF940F2F34A52
:105F9000C3F6357A5146FAF74EF98046204629462F
:105FA000FAF7F1F85146FAF746F9249C239F054683
:105FB00020463946FAF739F95146FAF73CF90646D0
:105FC00020463946FAF7DFF85146FAF734F92E9CA5
:105FD000074620464146FAF728F9834620464146BF
:105FE000FAF7D1F82D9C824620462946FAF71DF98A
:105FF0002E9020462946FAF7C6F82B9C804620466C
:106000003146FAF712F92D9020463146FAF7BBF8DF
:10601000279D044628463946FAF707F906462846DA
:106020003946FAF7B0F8074650463946FAF7ABF862
:10603000319941F8040C5046DDE91B5A3946FAF70C
:10604000F4F82F9941F8040C58463146FAF79BF8BA
:10605000329941F8040C58463146FAF7E6F830997F
:1060600041F8040C20464146FAF7DFF849F80A00E7
:1060700040462146FAF787F834992D9E2E9C49F820
:10608000010030462146FAF7D0F849F805002046CD
:106090003146FAF778F8339C1A9BDDE91E72DDE988
:1060A00018161C4449F802008C42B144FFF47AAE41
:1060B000402BC0F0B7820298009D80B204900598F2
:1060C0000024C0EBC0004FEAC0090123CDF82490A2
:1060D0000498CDE9065304440398220150F8341083
:1060E00066011791815804EB4402169150F8321062
:1060F00000EBC2081591815904EB8406149100EB62
:10610000C60150F8366000EBC40C139600EB021683
:106110001201825800EB041E1292C4EBC40200EB81
:10612000441A089400EBC20450F832001190DCF8D5
:1061300004001090DEF804000F90D8F804000E90D0
:10614000DAF804000D9048680C9070680B90606855
:106150000A9000BFE8192F908468D5E902602146B3
:10616000289030462E933495FAF70DF88046304645
:106170002146FAF75AF834991C9A2B90114432911F
:106180008C6834991B9A204611448D6833912946B6
:10619000F9F7F9FF834620462946FAF746F834997D
:1061A0001D9A2990114430918D683499209A28467F
:1061B00011448F6831913946F9F7E5FF04462846C6
:1061C0003946FAF732F834991F9A2A9001EB020AFD
:1061D0003499DAF808508944D9F8087028463946C5
:1061E000CDF8B4A0CDF8B090F9F7CDFF064628461B
:1061F0003946FAF71AF8279040462146FAF715F87B
:10620000229040462146F9F7BEFF044658463146E3
:10621000FAF70BF8804658463146F9F7B4FF0546C1
:1062200020462946F9F7AFFF349988602046294671
:10623000F9F7FBFF2F99289DCC682390284621462B
:10624000F9F7A1FF834628462146F9F7EEFF329978
:106250002890CC6833992046CF683946F9F793FFE8
:10626000054620463946F9F7E0FF30992590CF687A
:1062700031993846CE683146F9F785FF04463846ED
:106280003146F9F7D2FFDAF80C60D9F80C70269095
:1062900030463946F9F777FF824630463946F9F7F6
:1062A000C4FF249058462146F9F7BFFF814658465F
:1062B0002146F9F768FF064628465146F9F7B5FF2B
:1062C000044628465146F9F75EFF229F05463846A8
:1062D0002146F9F758FF824638462146F9F7A5FFCF
:1062E000229030462946F9F74EFF3499C86030466F
:1062F0002946F9F79AFF054648464146F9F795FFC2
:10630000834640464946F9F73EFF149EDDF88C80EF
:10631000219030464146F9F78EFFDDF8349004466F
:1063200048462946F9F787FF074630462946F9F7D8
:1063300082FF054648464146F9F77DFF064620465E
:106340003946F9F720FF2F9C3146A0602846F9F71F
:106350006CFF169EE06030465146F9F76CFF0F9FC8
:10636000044638465946F9F766FF05463046594611
:10637000F9F761FF064638465146F9F75CFF0746D4
:1063800028462146F9F7FFFE309C3946A06030468A
:10639000F9F74BFFE060129E229C30462146F9F748
:1063A0004AFF0B9F219D804638462946F9F743FF57
:1063B000814630462946F9F73EFF064638462146D3
:1063C000F9F739FF074648464146F9F7DCFE319CAC
:1063D0003946A0603046F9F728FFE060299C279DE8
:1063E00020462946F9F721FF40F2F346C3F63576F9
:1063F0003146F9F720FF804620462946F9F7C3FECB
:106400003146F9F718FF259C249D814620462946F0
:10641000F9F70BFF3146F9F70EFF074620462946EC
:10642000F9F7B1FE3146F9F706FF2B9C06462046E8
:106430004146F9F7FAFE824620464146F9F7A3FEA7
:106440002A9D044628464946F9F7EFFE299028463A
:106450004946F9F798FE289D814628463946F9F7BE
:10646000E4FE2A9028463946F9F78DFE269D074618
:1064700028463146F9F7D9FE804628463146F9F7D5
:1064800082FE064620463146F9F77DFE83462046C9
:106490003146F9F7CAFE2B9050464146F9F773FE94
:1064A000309050464146F9F7C0FE31903846494693
:1064B000F9F7BBFE824648463946F9F764FE2A9D45
:1064C000299C804628462146F9F7AFFE2F902046AA
:1064D0002946F9F758FE179C814620465946F9F798
:1064E000AAFE109E054630465146F9F7A4FE07461F
:1064F00020465146F9F79FFE044630465946F9F7C3
:106500009AFE064628463946F9F73DFE329D314649
:10651000A8602046F9F789FE119E2B9CE860304662
:106520002146F9F788FE0A9F824638464146F9F728
:1065300082FE054630464146F9F77DFE064638465E
:106540002146F9F778FE074650462946F9F71BFE23
:106550002C9C3946A0603046F9F767FEE060139E38
:10656000309C30462146F9F766FE0C9F2F9D8046F1
:1065700038462946F9F75FFE824630462946F9F744
:106580005AFE064638462146F9F755FE074640466C
:106590005146F9F7F8FD339C3946A0603046F9F7CB
:1065A00044FEE060159E319C30462146F9F743FEDB
:1065B0000E9F804638464946F9F73DFE054630466F
:1065C0004946DDF82490F9F736FE0646384621465E
:1065D000F9F731FE074640462946F9F7D4FD2D9CD0
:1065E0003946A0603046F9F720FE2E9BE0601A98ED
:1065F000349D1899034419981E9F8B420544FFF45B
:10660000A9AD079B0598069D0133089C834205F1BF
:1066100008057FF45DAD0298059BC0000290FFF76E
:10662000A1BB00BF35B0BDE8F08F000080B582B0DF
:10663000019043F25810C2F2000001A901224FF666
:10664000FF73FCF7D7FA019802B080BD9AB0FAF751
:10665000A7FF00240120CDE91544CDE91344109093
:1066600014904FF4E0104FF480310225199010A8D7
:106670000A94CDE90844CDE91114CDE91751FBF78F
:10668000BFF928B1EFF3108072B600BFFEE700BF7C
:106690000F20CDE90B054FF48060CDE90E040BA867
:1066A00002210D94FBF7A6F820B1EFF3108072B62B
:1066B000FEE700BF022007904FF40040099007A8B2
:1066C000FBF716F820B1EFF3108072B6FEE700BFBB
:1066D000FEF7C6F8FEF7AAF8FEF77CF8FEF76CF9AD
:1066E000FEF72EF9FEF708F943F2B800C2F20000F7
:1066F000FBF786FB43F21010C2F20000FBF7FEFD31
:1067000040F22805C2F2000543F2440005F10801F9
:10671000C2F200000122FAF797FB05F10C0003908A
:10672000FFF784F9FCF7FEFB48F2A86040F244044E
:10673000C0F600000FF2FC1AC2F200040438002672
:10674000029018E020460021F9F77BFF00284FF067
:1067500074004FF078014FF478424FF6FF7314BF86
:106760004C274827CDE90076FDF79AFF40F2440414
:10677000049EC2F200046868F9F783FF024650469F
:106780000B4600F0DFF8287860B1B0B2B0F50060D9
:106790004FF0000118BF30462970696882B2861C2C
:1067A00044F82210B0B2B0F5807FE4D930466FF3E0
:1067B0005F200028DFD103982146002201230496A0
:1067C0000027FEF741FA40F21405C2F20005204608
:1067D00042F244042A68C2F200042146FFF738F965
:1067E0002968204610AA0BAB10970B97FFF7E0F92A
:1067F0000B98F9F739FF44F200030022C4F28F032B
:10680000F9F730FE00230022C3F65073F9F72AFE91
:10681000F9F74AFF40F20009DDF808A0C4F27A490E
:1068200000264C46059000BF06945AF8044FDDF848
:10683000148021464046F9F7F8FC20F0004B5846FA
:106840004946F9F7F0FE054620464146069CF9F711
:10685000ECFC002D1EBFD94604463E460137332FBF
:10686000E2D1F0B275214843A6EB1021C9B2490824
:1068700001EB1020C0080B2100FB116040F228053D
:106880000106C2F200050FF2AC0A3FF46FAFC0B2CE
:1068900029A10F5CA7F121001F2823D84FF6FF780C
:1068A000DFE800F0102222181422222222222222C3
:1068B00022222222222222222222222222222222B8
:1068C0002222221C4FF01F0841270DE04FF01F0825
:1068D000472709E04FF01F08442705E04FF01F0845
:1068E000432701E04FF6FF7874201E211F224FF648
:1068F000FF731026CDE90076FDF7D2FE82201E211F
:10690000424610264FF6FF732327CDE90076FDF7A8
:10691000C7FE48464FF07E51F9F793FE00287FF4FA
:1069200011AF742078214FF6FF724FF4FC634F27AC
:1069300018E700BF25660A00412142434044244530
:10694000464725000FB4054B10B503A9044A029829
:1069500000F0E0F810BC5DF814FB00002D660008A4
:106960000000002002E008C8121F08C1002AFAD166
:1069700070477047002001E001C1121F002AFBD1BF
:1069800070470000014908607047000004000020C3
:106990002DE9FF5F82B00021DDE90430020DDDF852
:1069A00040B0034318D044F61050A2F2FF324243E5
:1069B0001514119801281FD0A5EB0B00401C5FEAAD
:1069C000000A4FF000064E4FDFF83891B0465046AF
:1069D00015D5CAF1000413E0119801244AA3012837
:1069E00001D16FEA0B010298119AC0E90031C0E9A8
:1069F000024206B0BDE8F09FCBF10000DFE704469D
:106A00000021404A491842EB0450CDE9001012E041
:106A1000E00707D032463B4640464946F9F722FD9B
:106A20008046894632463B4610461946F9F71AFD1C
:106A300006460F466410002CEAD1DDE90401DDE9C9
:106A40000023BAF1000F06DAF9F70CFD42464B4677
:106A5000F9F708FD05E0F9F777FD42464B46F9F7EF
:106A600073FD04460E460022284BF9F75BFF03D85E
:106A70004FF0FF30014607E00022254B204631460B
:106A8000F9F749FCF9F736FF102409E0002C0ADB7E
:106A90000A220023F9F746FB039B30321A55641E85
:106AA00050EA0102F2D1641C039AC4F111031444A8
:106AB000119A012A03D0012208430DD10AE00843AC
:106AC00004D000204FF0110B119072E7A3EB0B05DF
:106AD0006D1E0DE05B4504DD4FF0000205F1010580
:106AE00004E003DA4FF00002A5F10105002AECD022
:106AF00002981199C0E90231C0E9004579E7000028
:106B0000000014400000F03F300000000000F0439F
:106B10000000E03F2DE9FF4F95B09B4689460646B1
:106B200000250FE2252877D100242746F84A0121C5
:106B3000059400E0044316F8013F203B01FA03F0FE
:106B40001042F7D130782A2811D06FF02F03307817
:106B5000A0F13002092A16D8059A44F0020402EB8B
:106B6000820203EB42021044761C0590EFE759F8CD
:106B7000042B0592002A03DA504244F40054059095
:106B800044F00204761C30782E2816D116F8010F36
:106B900044F004042A280DD06FF02F023078A0F1C1
:106BA0003003092B09D807EB870302EB4303C7180F
:106BB000761CF3E759F8047B761C30786C280FD0EC
:106BC00006DC4C2817D068280DD06A2814D104E0C0
:106BD000742810D07A280FD10DE044F400140AE094
:106BE00044F4801401E044F440147278824202D1EB
:106BF00004F58014761C761C307866280BD013DCE4
:106C0000582877D009DC002875D04528F6D04628CA
:106C1000F4D047281AD19DE118E0632835D06428C4
:106C200079D0652812D195E1702873D008DC6728E7
:106C3000F1D069286FD06E280DD06F2806D1B5E04D
:106C400073282CD0752875D0782874D05A46179997
:106C500090476D1C75E1C4F30250022809D0032847
:106C60000DD0D9F8001004280DD00D6009F10409E9
:106C700067E1D9F80010EA17C1E90052F6E7D9F840
:106C800000100D80F2E70D70F0E719F8041B8DF885
:106C9000001000208DF80100EA46012003E059F8B9
:106CA00004AB4FF0FF3061074FF0000102D40DE05C
:106CB00008F101018846B9420FDA8045F8DB1AF87D
:106CC00008100029F4D108E008F10101884681424A
:106CD000FADB1AF808100029F6D105985B46A0EBFC
:106CE000080721463846179A00F094FA284400EB2A
:106CF000080507E04DE029E10DE01AF8010B5A46BE
:106D000017999047B8F10108F7D25B4621463846FB
:106D1000179A13E142E00A220092C4F302524FF0A4
:106D2000000A022A08D059F804CB032A4FEAEC7172
:106D30000AD00DE029E02AE009F1070121F007025D
:106D4000F2E802C1914609E00FFA8CFC4FEAEC71BF
:106D5000042A03D14FFA8CFC4FEAEC71002907DAC0
:106D60000A460021DCF1000C61EB02012D2202E059
:106D7000220504D52B228DF80420012203E0E2072E
:106D800001D02022F7E7904659E00A2102E01022C4
:106D90000DE010214FF0000A00910BE010224FF09F
:106DA000000A44F004040827009203E008224FF090
:106DB000000A0092C4F30252022A05D059F804CB0B
:106DC0000021032A08D009E009F1070121F0070298
:106DD000F2E802C1914605E01FFA8CFC042A01D1B9
:106DE0000CF0FF0C4FF00008220728D5702806D0C1
:106DF000009B83F0100353EA0A0305D00EE0402203
:106E00008DF80420012208E05CEA010206D030225D
:106E10008DF804208DF8050002229046009B83F037
:106E2000080353EA0A030AD15CEA010201D16207AE
:106E300005D530228DF804204FF001087F1E582818
:106E400004D034A003900EA802900DE036A0F9E71C
:106E500053466046009AF9F765F984460398825CC8
:106E60000298401E029002705CEA0100F0D1029884
:106E700006A9081A00F1200A600702D524F480341C
:106E800000E00127574502DDA7EB0A0000E00020E3
:106E900000EB0A01009005984144401A0590E00378
:106EA00006D45B462146179A059800F0B3F90544CD
:106EB000002706E001A85A46C05D179990476D1C4F
:106EC0007F1C4745F6DBE0030CD55B462146179A4D
:106ED000059800F09FF9054404E030205A461799C0
:106EE00090476D1C0099481E00900029F5DC08E0D1
:106EF000029802995A460078491C029117999047C6
:106F00006D1CBAF10001AAF1010AF1DC65E1000093
:106F1000092801003031323334353637383961626F
:106F20006364656600000000303132333435363733
:106F300038394142434445460000000000F058F90A
:106F40000544761C307800287FF4ECAD19B0284653
:106F5000BDE8F08F620700D4062709F1070222F08E
:106F6000070CFCE80223E14603F000485FEA080C46
:106F700002D00FF2702C0DE05FEA045C02D50FF234
:106F8000682C07E05FEAC47C02D00FF2602C01E0BD
:106F9000AFF2700C4FF0FF3823F00043CDF850C033
:106FA00065280CD006DC452809D046281DD0472886
:106FB0003DD13DE0662818D067287ED138E0002119
:106FC000112F01DB112000E0781CCDE9000106A99A
:106FD0000EA8FFF7DDFCDDE90F010E9A03910021F9
:106FE000009207F1010A04914DE04FF00040009734
:106FF000CDE9011006A90EA8FFF7CAFCDDE90F02D2
:1070000003920E9B11990022DDF80CA000930492CC
:1070100011B9791C00EB010AB7EB0A0004D4C0F1E6
:10702000FF3007F1010A0490AAEB0700019044E049
:10703000012F00DA01270021112F01DD112000E0CE
:107040003846CDE9000106A90EA8FFF7A1FCDDE94D
:107050000F010E9A0391002104910092BA46210774
:107060000CD40399514500DA8A46BAF1010F05DDC7
:10707000009AAAF10101515C302908D0B84202DA25
:1070800010F1040F06DA0121CDE9011015E0AAF193
:107090000101E9E7002805DC049901440491AAEB09
:1070A000000102E0411C514500DD8A460499401A66
:1070B000401C01904FF000400290200704D401983A
:1070C000504501DBCDF8048000208DF84F00029878
:1070D0000DF14F07B0F1004F25D02B200E900298F4
:1070E0004FF0020800280CDA404202902D200E904A
:1070F00007E00A210298F9F7F3FA3031029007F815
:10710000011DB8F10001A8F10108F2DC0298002885
:10711000EFD1791E0E980870307800F0200040F012
:10712000450007F8020D12A8C01B00F107081498CB
:10713000007800B1012000EB0A01019801EBE07139
:1071400005984144401A401E0590E00306D45B4672
:107150002146179A059800F05DF8054414980078C8
:1071600018B15A46179990476D1CE00324D55B4629
:107170002146179A059800F04DF805441CE0049844
:10718000002807DBDDE90301884203DD0098405C4D
:10719000179901E0179930205A469047049805F155
:1071A0000105401C04900198401E019004D12E203E
:1071B0005A46179990476D1CBAF10001AAF1010ACD
:1071C000DDDC05E017F8010B5A46179990476D1C56
:1071D000B8F10001A8F10108F4DC5B462146179ADA
:1071E0000598ABE62D0000002B00000020000000F9
:1071F0002DE9F041044600251E461746880404D4B4
:1072000005E039462020B0476D1C641EF9D528469C
:10721000BDE8F0812DE9F041044600251E46904668
:10722000C80301D5302700E02027880404D505E0F5
:1072300041463846B0476D1C641EF9D52846BDE866
:10724000F08170B50546F9F7C9FA044620F0004010
:10725000C0F1FF40C00F08D025F00040C0F1FF4052
:10726000C00F04BF0120FFF78DFB204670BD00005A
:1072700000000000000001020304060708090000E6
:1072800000000102030401020800001010000002C7
:10729000180000122000000428000014300000062E
:1072A0003800001640000008480000185000000A8E
:1072B0005800001A6000000C6800001C7000000EEE
:1072C0007800001E800000088800401090004002F6
:1072D00098004012A0004004A8004014B0004006EE
:1072E000B8004016C0004008C8004018D000400A4E
:1072F000D800401AE000400CE800401CF000400EAE
:10730000F800401E000100080801801010018002F2
:1073100018018012200180042801801430018006A9
:107320003801801640018008480180185001800A09
:107330005801801A6001800C6801801C7001800E69
:107340007801801E800140088801C0109001C002B1
:107350009801C012A001C004A801C014B001C00669
:10736000B801C016C001C008C801C018D001C00AC9
:10737000D801C01AE001C00CE801C01CF001C00E29
:10738000F801C01E000200080802001110020003EC
:107390001802001320020005280200153002000721
:1073A0003802001740020009480200195002000B81
:1073B0005802001B6002000D6802001D7002000FE1
:1073C0007802001F8002800888024011900240036A
:1073D00098024013A0024005A8024015B0024007E1
:1073E000B8024017C0024009C8024019D002400B41
:1073F000D802401BE002400DE802401DF002400FA1
:10740000F802401F000340080803801110038003A6
:10741000180380132003800528038015300380079C
:107420003803801740038009480380195003800BFC
:107430005803801B6003800D6803801D7003800F5C
:107440007803801F8003C0088803C0119003C00325
:107450009803C013A003C005A803C015B003C0075C
:10746000B803C017C003C009C803C019D003C00BBC
:10747000D803C01BE003C00DE803C01DF003C00F1C
:10748000F803C01F000400100804081010040011C5
:1074900018040812200408102804081430040806F0
:1074A0003804081640040808480408185004080A5C
:1074B0005804081A6004080C6804081C7004080EBC
:1074C0007804081E800400188804481090040019ED
:1074D00098044812A0040818A8044814B0044806E8
:1074E000B8044816C0044808C8044818D004480A1C
:1074F000D804481AE004480CE804481CF004480E7C
:10750000F804481E000540100805881010054011B9
:1075100018058812200548102805881430058806AB
:107520003805881640058808480588185005880AD7
:107530005805881A6005880C6805881C7005880E37
:107540007805881E800540188805C81090054019E8
:107550009805C812A0054818A805C814B005C806A3
:10756000B805C816C005C808C805C818D005C80A97
:10757000D805C81AE005C80CE805C81CF005C80EF7
:10758000F805C81E000680100806081110068011B4
:107590001806081320068810280608153006080764
:1075A0003806081740060809480608195006080B4F
:1075B0005806081B6006080D6806081D7006080FAF
:1075C0007806081F800680188806481190068019E2
:1075D00098064813A0068818A8064815B00648075C
:1075E000B8064817C0064809C8064819D006480B0F
:1075F000D806481BE006480DE806481DF006480F6F
:10760000F806481F0007C010080788111007C011AE
:10761000180788132007C81028078815300788071F
:107620003807881740078809480788195007880BCA
:107630005807881B6007880D6807881D7007880F2A
:107640007807881F8007C0188807C8119007C019DD
:107650009807C813A007C818A807C815B007C80717
:10766000B807C817C007C809C807C819D007C80B8A
:10767000D807C81BE007C80DE807C81DF007C80FEA
:10768000F807C81F08081010100840081808101242
:10769000200800112808101430088011380810162E
:1076A000480810185008100A5808101A6008100CE2
:1076B0006808101C7008100E7808101E8008000A58
:1076C000880850109008000B98085012A008080A6B
:1076D000A8085014B008080BB8085016C008100AC3
:1076E000C8085018D008500AD808501AE008500CA2
:1076F000E808501CF008500EF808501E08099010B9
:1077000010098009180990122009001928099014FD
:1077100030098019380990164009000B4809901863
:107720005009900A5809901A6009900C6809901C39
:107730007009900E7809901E8009400A8809D010BF
:107740009009400B9809D012A009480AA809D01442
:10775000B009480BB809D016C009500AC809D0189A
:10776000D009D00AD809D01AE009D00CE809D01CF9
:10777000F009D00EF809D01E080A1011180A1013CB
:10778000200A4011280A1015300AC011380A1017B3
:10779000480A1019500A100B580A101B600A100DE5
:1077A000680A101D700A100F780A101F880A5011FD
:1077B000900A800B980A5013A00A5011A80A50157D
:1077C000B00A880BB80A5017C00A800BC80A5019B3
:1077D000D00A500BD80A501BE00A500DE80A501D81
:1077E000F00A500FF80A501F080B9011180B901355
:1077F000200B4019280B9015300BC019380B90172F
:10780000480B9019500B900B580B901B600B900D70
:10781000680B901D700B900F780B901F880BD01188
:10782000900BC00B980BD013A00B5019A80BD015C0
:10783000B00BC80BB80BD017C80BD019D80BD01B86
:10784000E00BD00DE80BD01DF00BD00FF80BD01FC4
:10785000000C0012080C1810100C0013180C181251
:10786000200C0812280C1814300C0813380C1816A9
:10787000400C1012480C1818500C1013580C181A01
:10788000600C1812680C181C700C180E780C181E5E
:10789000800C001A880C5810900C001B980C581281
:1078A000A00C081AA80C5814B00C081BB80C5816D9
:1078B000C00C101AC80C5818D00C101BD80C581A31
:1078C000E00C181AE80C581CF00C580EF80C581E56
:1078D000000D4012080D9810100D4013180D98124D
:1078E000200D4812280D9814300D4813380D9816A5
:1078F000400D5012480D9818500D5013580D981AFD
:10790000600D5812680D981C700D980E780D981E19
:10791000800D401A880DD810900D401B980DD8127C
:10792000A00D481AA80DD814B00D481BB80DD816D4
:10793000C00D501AC80DD818D00D501BD80DD81A2C
:10794000E00D581AE80DD81CF00DD80EF80DD81E11
:10795000000E8012080E1811100E8013180E181346
:10796000200E8812280E1815300E8813380E18179E
:10797000400E9012480E1819500E9013580E181BF6
:10798000600E9812680E181D700E180F780E181FD2
:10799000800E801A880E5811900E801B980E581376
:1079A000A00E881AA80E5815B00E881BB80E5817CE
:1079B000C00E901AC80E5819D00E901BD80E581B26
:1079C000E00E981AE80E581DF00E580FF80E581FCA
:1079D000000FC012080F9811100FC013180F981342
:1079E000200FC812280F9815300FC813380F98179A
:1079F000400FD012480F9819500FD013580F981BF2
:107A0000600FD812680F981D700F980F780F981F8D
:107A1000800FC01A880FD811900FC01B980FD81371
:107A2000A00FC81AA80FD815B00FC81BB80FD817C9
:107A3000C00FD01AC80FD819D00FD01BD80FD81B21
:107A4000E00FD81AE80FD81DF00FD81BF80FD81F79
:107A500008102010101040101810201228102014A8
:107A600030108810381020164010001148102018CF
:107A7000501040115810201A601008126810201C75
:107A8000701088127810201E8010001288100812C2
:107A90009010401298106012A0102012A8106014CC
:107AA000B0106012B8106016C0100013C810601833
:107AB000D0104013D810601AE0101812E810601CA3
:107AC000F0109812F810601E0811201210114011C9
:107AD0001811A012201108182811A01430118818AC
:107AE0003811A0164811A0185811A01A6011081AD0
:107AF0006811A01C7011881A7811A01E8011101234
:107B000088111812901150129811E012A011181833
:107B1000A811E014B0119818B811E016C011101394
:107B2000C811E018D0115013D811E01AE011181A3A
:107B3000E811E01CF011981AF811E01E001200186C
:107B400008120818101240181812201320122018BA
:107B50002812201530126018381220174012001910
:107B600048122019501240195812201B6012201977
:107B70006812201D7012C8127812201F8012001A7D
:107B80008812081A9012401A98126013A012201A34
:107B9000A8126015B012601AB8126017C012001B4C
:107BA000C8126019D012401BD812601BE012201BB3
:107BB000E812601DF012601BF812601F001310180D
:107BC00008131818101350181813A013201348186E
:107BD0002813A0153013C8183813A0174013101914
:107BE0004813A019501350195813A01B6013481ABA
:107BF0006813A01D7013C81A7813A01F8013101AE1
:107C00008813181A9013501A9813E013A0135818D9
:107C1000A813E015B013D818B813E017C013101B41
:107C2000C813E019D013501BD813E01BE013581AE7
:107C3000E813E01DF013D81AF813E01F08142014FD
:107C400010140015181420153014081538142816AF
:107C50004014001548142818501410155814281AE8
:107C6000601420156814281C701418157814281E28
:107C70008014001C8814201C9014001D9814201DD2
:107C8000A014081CA814281CB014081DB8146816E9
:107C9000C014101CC8146818D014101DD814681A09
:107CA000E014181CE814681CF014181DF814681E61
:107CB00008152015101540151815601520152818E1
:107CC0002815281C301548153815A8164815A81869
:107CD0005815A81A6015281A6815A81C7015A81A36
:107CE0007815A81E8015401C8815601C9015401D35
:107CF0009815601DA015481CA815681CB015481DD6
:107D0000B815E816C015501CC815E818D015501D38
:107D1000D815E81AE015581CE815E81CF015581D90
:107D2000F815E81E0016001C0816081C1016401C4A
:107D30001816481C2016201C2816281C3016601CFB
:107D4000381628174016001D481628195016401DD1
:107D50005816281B6016201D6816281D7016601DF9
:107D60007816281F8016801C8816A01C9016801D6F
:107D70009816A01DA016881CA816A81CB016881D51
:107D8000B8166817C016901CC8166819D016901D32
:107D9000D816681BE016981CE816681DF016981D8A
:107DA000F816681F0017101C0817181C1017501C15
:107DB0001817581C201768182817681C3017E8185F
:107DC0003817A8174017101D4817A8195017501D2D
:107DD0005817A81B6017681A6817A81D7017E81AAB
:107DE0007817A81F8017C01C8817E01C9017C01DAB
:107DF0009817E01DA017C81CA817E81CB017C81DCD
:107E0000B817E817C017D01CC817E819D017D01D2D
:107E1000D817E81BE017D81CE817E81DF017D81D85
:107E2000F817E81F18186018301848183818601C20
:107E30005818301A6818301C7018181A7818301E24
:107E40008018001A8818081A9018001B98186019D2
:107E5000A018201AA818281AB018201BB818601DDE
:107E6000C018101AC818181AD018101BD818701A71
:107E7000E018301AE818701CF018581AF818701E1C
:107E8000081920191819601A2819081D301988199D
:107E90003819881D4819201B5819B01A6019081B79
:107EA0006819B01C7019881B7819B01E8019401A07
:107EB0008819481A9019401B9819601BA019601A5C
:107EC000A819181DB019601BB819981DC019501AAF
:107ED000C819581AD019501BD819F01AE019181BD4
:107EE000E819F01CF019981BF819F01E381A701CCC
:107EF000581A301B681A301D701A181B781A301F58
:107F0000901AC01A981AC81AB01AE01AB81AE81AC1
:107F1000C01A801BC81A881BD01AC01BD81A701B25
:107F2000E01AA01BE81A701DF01AE01BF81A701F67
:107F3000281B481D381BC81D481B601B581BB01B45
:107F4000681BB01D701BC81B781BB01F901BC01B8B
:107F5000981BC81BA81B581DB01BE01BB81BD81DC5
:107F6000D81BF01BE81BF01DF81BF01F081C201C81
:107F7000181C301C381C681C481C601C581C701CC9
:107F8000781C381E801C001E881C201E901C001FA0
:107F9000981C201FA01C081EA81C281EB01C081F0F
:107FA000B81C281FC01C101EC81C301ED01C101F5F
:107FB000D81C301FE01C181EE81C381EF01C181FAF
:107FC000F81C781E081D201D181D301D381DA81D09
:107FD000481D601D581D701D681D281F781DB81E86
:107FE000801D401E881D601E901D401F981D601F33
:107FF000A01D481EA81D681EB01D481FB81D681F83
:10800000C01D501EC81D701ED01D501FD81D701FD2
:10801000E01D581EE81D781EF01D581FF81DF81EA3
:10802000081E201E181E301E481E601E581E701E80
:10803000781E381F881EA01E901E801F981EA01F2D
:10804000B01E881FB81EA81FC01E801FC81E881F14
:10805000D01E901FD81EB01FE01EA01FE81EA81F34
:10806000F01E981FF81E781F081F201F181F301FB2
:10807000481F601F581F701F781FB81F881FA01F40
:10808000901FC01F981FE01FB01FC81FB81FE81F18
:10809000C81FE01FD81FF01F0004000074870008ED
:1080A00088720008080700000000000000000000BF
:1080B0000000000000000000000000080808080898
:1080C000080800001818000000486C241200000086
:1080D00000000000000000000000002424247F12A3
:1080E00012127F12121200000000081C2A2A0A0C29
:1080F0001828282A2A1C0808000000222515151512
:108100002A585454542200000000000C1212120A83
:1081100076252911916E0000000606040300000078
:1081200000000000000000000040201010080808B7
:108130000808081010204000000204080810101061
:1081400010101008080402000000000008086B1C52
:108150001C6B080800000000000000000808080868
:108160007F08080808000000000000000000000070
:1081700000000000060604030000000000000000EC
:10818000FE000000000000000000000000000000F1
:108190000000000006060000000080404020201083
:1081A00010080804040202000000001824424242A1
:1081B0004242424224180000000000080E0808084D
:1081C00008080808083E00000000003C4242422027
:1081D00020100804427E00000000003C42422018AB
:1081E00020404042221C00000000002030282424AF
:1081F00022227E20207800000000007E0202021A67
:1082000026404042221C0000000000382402021ACE
:1082100026424242241800000000007E2222101054
:1082200008080808080800000000003C42424224F8
:1082300018244242423C00000000001824424242FE
:1082400064584040241C0000000000000000181882
:1082500000000000181800000000000000000008E6
:10826000000000000008080400000040201008047E
:1082700002040810204000000000000000007F0001
:1082800000007F0000000000000000020408102031
:1082900040201008040200000000003C424246401A
:1082A00020101000181800000000001C225A55551C
:1082B00055552D42221C0000000000080818141417
:1082C000243C224242E700000000001F2222221E1E
:1082D00022424242221F00000000007C4242010173
:1082E00001010142221C00000000001F2242424204
:1082F00042424242221F00000000003F4212121E72
:1083000012120242423F00000000003F4212121EC1
:1083100012120202020700000000003C22220101AA
:1083200001712122221C0000000000E7424242426B
:108330007E42424242E700000000003E0808080872
:1083400008080808083E00000000007C101010100B
:10835000101010101010110F0000007722120A0EDA
:108360000A12122222770000000000070202020215
:1083700002020202427F00000000007736363636E5
:108380002A2A2A2A2A6B0000000000E346464A4AAD
:1083900052525262624700000000001C22414141DB
:1083A00041414141221C00000000003F4242424244
:1083B0003E020202020700000000001C224141416F
:1083C00041414D53321C60000000003F4242423E9A
:1083D0001212222242C700000000007C4242020426
:1083E00018204042423E00000000007F4908080873
:1083F00008080808081C0000000000E7424242424A
:1084000042424242423C0000000000E74242222435
:1084100024141418080800000000006B4949494959
:108420005555362222220000000000E7422424187D
:108430001818242442E700000000007722221414B8
:1084400008080808081C00000000007E2120101009
:1084500008040442423F00000078080808080808A1
:108460000808080808087800000002020404080848
:108470000810102020204040001E10101010101076
:108480001010101010101E000038440000000000F2
:1084900000000000000000000000000000000000DC
:1084A00000000000000000FF0006080000000000BF
:1084B0000000000000000000000000000000003C80
:1084C0004278444242FC0000000000030202021A0B
:1084D00026424242261A0000000000000000003838
:1084E000440202024438000000000060404040782E
:1084F0004442424264D80000000000000000003CFA
:10850000427E0202423C0000000000F08808087E23
:1085100008080808083E0000000000000000007C79
:1085200022221C023C42423C000000030202023AAA
:108530004642424242E700000000000C0C00000EE0
:1085400008080808083E000000000030300000382D
:10855000202020202020221E0000000302020272A0
:10856000120A1612227700000000000E0808080800
:1085700008080808083E0000000000000000007F16
:108580009292929292B70000000000000000003B1F
:108590004642424242E70000000000000000003C6A
:1085A00042424242423C0000000000000000001B2A
:1085B00026424242221E020700000000000000780E
:1085C00044424242447840E000000000000000774E
:1085D0004C040404041F0000000000000000007CA4
:1085E00042023C40423E0000000000000008083EFD
:1085F00008080808083000000000000000000063C0
:108600004242424262DC000000000000000000E73D
:10861000422424140808000000000000000000EBC1
:108620004949555522220000000000000000007654
:1086300024181818246E000000000000000000E755
:108640004224241418080807000000000000007EDF
:1086500022100808447E000000C0202020202010A6
:10866000202020202020C00010101010101010100A
:10867000101010101010101000060808080808103C
:1086800008080808080806000C32C20000000000B4
:1086900000000000000000000203040506070809AE
:1086A0000A0B0C0D0E0F10100000DC41F614E9410E
:1086B00010F1F64113D0024260970A4217D51242D8
:1086C00041901B4254D02442379D2E4249FF3842EC
:1086D0006AFF434200A74F4200005C42F614694221
:1086E00010F1764213D0824260978A4217D59242A7
:1086F00041909B4254D0A442379DAE4249FFB842BC
:108700006AFFC34200A7CF420000DC42F614E942F0
:1087100010F1F64213D0024360970A4317D5124373
:1087200041901B4354D02443379D2E4349FF384387
:108730006AFF434300A74F4300005C43F6146943BC
:1087400010F1764313D0824360978A4317D5924342
:1087500041909B4354D0A443379DAE4349FFB84357
:108760006AFFC34300A7CF430000DC43F614E9438C
:1087700010F1F6430000803F00000000C4FE7F3F80
:10878000890FC93B11FB7F3F900E493CE6F47F3FC8
:10879000B6C9963C43EC7F3FB00AC93C29E17F3F14
:1087A000B949FB3C98D37F3F2CC3163D8FC37F3F15
:1087B00007E02F3D0FB17F3F2FFB483D189C7F3FC7
:1087C0006814623DAB847F3F742B7B3DC76A7F3F5B
:1087D0000A208A3D6D4E7F3F05A9963D9D2F7F3F24
:1087E0008C30A33D580E7F3F80B6AF3D9DEA7E3F63
:1087F000C33ABC3D6DC47E3F36BDC83DC99B7E3F7C
:10880000B93DD53DB0707E3F2EBCE13D23437E3F58
:108810007638EE3D24137E3F73B2FA3DB1E07D3FE2
:108820000295033ECCAB7D3F86CF093E74747D3FFD
:10883000B708103EAC3A7D3F8340163E73FE7C3F46
:10884000DE761C3EC9BF7C3FB6AB223EB07E7C3F8D
:10885000FCDE283E283B7C3FA2102F3E31F57B3FBB
:108860009840353ECDAC7B3FCF6E3B3EFC617B3FBD
:10887000379B413EBE147B3FC2C5473E16C57A3F7B
:1088800060EE4D3E02737A3F0115543E841E7A3FDE
:1088900097395A3E9DC7793F135C603E4E6E793FD3
:1088A000667C663E9812793F7F9A6C3E7BB4783F37
:1088B00051B6723EF853783FCCCF783E10F1773FF7
:1088C000E1E67E3EC58B773FC07D823E1724773F31
:1088D000CE86853E07BA763F938E883E974D763F8B
:1088E00007958B3EC6DE753F229A8E3E976D753F8B
:1088F000DD9D913E0BFA743F31A0943E2284743F7B
:1089000017A1973EDD0B743F86A09A3E3F91733FBF
:10891000789E9D3E4714733FE59AA03EF894723FBF
:10892000C595A33E5213723F128FA63E578F713FDB
:10893000C486A93E0809713FD47CAC3E6680703F76
:108940003A71AF3E73F56F3FEF63B23E30686F3FF1
:10895000EC54B53E9ED86E3F2A44B83EBE466E3FAC
:10896000A031BB3E93B26D3F4A1DBE3E1D1C6D3F04
:108970001E07C13E5E836C3F15EFC33E58E86B3F58
:1089800029D5C63E0C4B6B3F53B9C93E7BAB6A3F02
:108990008B9BCC3EA7096A3FCA7BCF3E9165693F5E
:1089A000095AD23E3CBF683F4136D53EA816683FC3
:1089B0006B10D83ED86B673F80E8DA3ECCBE663F8E
:1089C00079BEDD3E880F663F4F92E03E0B5E653F0D
:1089D000FA63E33E59AA643F7533E63E73F4633F9E
:1089E000B700E93E5A3C633FBBCBEB3E1082623F8F
:1089F0007994EE3E98C5613FEA5AF13EF206613F36
:108A0000071FF43E2146603FCBE0F63E27835F3FE1
:108A10002DA0F93E05BE5E3F275DFC3EBEF65D3FE4
:108A2000B217FF3E532D5D3FE4E7003FC7615C3F57
:108A3000B142023F1A945B3F3D9C033F50C45A3FF2
:108A400084F4043F6AF2593F824B063F6A1E593F45
:108A500036A1073F5348583F9BF5083F2670573FC4
:108A6000AD480A3FE595563F6B9A0B3F93B9553F8A
:108A7000D0EA0C3F31DB543FDA390E3FC3FA533FA3
:108A800084870F3F4918533FCDD3103FC633523F21
:108A9000B01E123F3D4D513F2A68133FAF64503F17
:108AA00039B0143F1F7A4F3FD9F6153F908D4E3F96
:108AB000073C173F029F4D3FC07F183F79AE4C3FA8
:108AC00000C2193FF8BB4B3FC6021B3F7FC74A3F5E
:108AD0000C421C3F12D1493FD17F1D3FB3D8483FC4
:108AE00012BC1E3F65DE473FCBF61F3F2AE2463FE2
:108AF000F92F213F03E4453F9967223FF5E3443FC7
:108B0000A99D233F00E2433F25D2243F29DE423F77
:108B10000A05263F70D8413F5636273FDAD0403FFE
:108B20000566283F67C73F3F1594293F1BBC3E3F62
:108B300082C02A3FF9AE3D3F4AEB2B3F03A03C3FAA
:108B400069142D3F3B8F3B3FDE3B2E3FA47C3A3FD9
:108B5000A5612F3F4268393FBB85303F1652383FF1
:108B60001DA8313F233A373FC9C8323F6C20363FFA
:108B7000BCE7333FF304353FF304353FBCE7333FF5
:108B80006C20363FC9C8323F233A373F1DA8313FDA
:108B90001652383FBB85303F4268393FA5612F3FB1
:108BA000A47C3A3FDE3B2E3F3B8F3B3F69142D3F79
:108BB00003A03C3F4AEB2B3FF9AE3D3F82C02A3F2A
:108BC0001BBC3E3F1594293F67C73F3F0566283FC2
:108BD000DAD0403F5636273F70D8413F0A05263F3E
:108BE00029DE423F25D2243F00E2433FA99D233F97
:108BF000F5E3443F9967223F03E4453FF92F213FC6
:108C00002AE2463FCBF61F3F65DE473F12BC1E3FC0
:108C1000B3D8483FD17F1D3F12D1493F0C421C3F82
:108C20007FC74A3FC6021B3FF8BB4B3F00C2193FFC
:108C300079AE4C3FC07F183F029F4D3F073C173F26
:108C4000908D4E3FD9F6153F1F7A4F3F39B0143FF4
:108C5000AF64503F2A68133F3D4D513FB01E123F55
:108C6000C633523FCDD3103F4918533F84870F3F3F
:108C7000C3FA533FDA390E3F31DB543FD0EA0C3FA1
:108C800093B9553F6B9A0B3FE595563FAD480A3F68
:108C90002670573F9BF5083F5348583F36A1073F82
:108CA0006A1E593F824B063F6AF2593F84F4043FE3
:108CB00050C45A3F3D9C033F1A945B3FB142023F70
:108CC000C7615C3FE4E7003F532D5D3FB217FF3EB5
:108CD000BEF65D3F275DFC3E05BE5E3F2DA0F93E22
:108CE00027835F3FCBE0F63E2146603F071FF43EFF
:108CF000F206613FEA5AF13E98C5613F7994EE3E33
:108D00001082623FBBCBEB3E5A3C633FB700E93E6B
:108D100073F4633F7533E63E59AA643FFA63E33E5A
:108D20000B5E653F4F92E03E880F663F79BEDD3EA9
:108D3000CCBE663F80E8DA3ED86B673F6B10D83E0A
:108D4000A816683F4136D53E3CBF683F095AD23E1F
:108D50009165693FCA7BCF3EA7096A3F8B9BCC3E9A
:108D60007BAB6A3F53B9C93E0C4B6B3F29D5C63E1E
:108D700058E86B3F15EFC33E5E836C3F1E07C13E54
:108D80001D1C6D3F4A1DBE3E93B26D3FA031BB3EE0
:108D9000BE466E3F2A44B83E9ED86E3FEC54B53E68
:108DA00030686F3FEF63B23E73F56F3F3A71AF3E8D
:108DB0006680703FD47CAC3E0809713FC486A93EF2
:108DC000578F713F128FA63E5213723FC595A33E37
:108DD000F894723FE59AA03E4714733F789E9D3EFB
:108DE0003F91733F86A09A3EDD0B743F17A1973EDB
:108DF0002284743F31A0943E0BFA743FDD9D913E76
:108E0000976D753F229A8E3EC6DE753F07958B3E65
:108E1000974D763F938E883E07BA763FCE86853E45
:108E20001724773FC07D823EC58B773FE1E67E3ECB
:108E300010F1773FCCCF783EF853783F51B6723E71
:108E40007BB4783F7F9A6C3E9812793F667C663E91
:108E50004E6E793F135C603E9DC7793F97395A3E0D
:108E6000841E7A3F0115543E02737A3F60EE4D3EF8
:108E700016C57A3FC2C5473EBE147B3F379B413E75
:108E8000FC617B3FCF6E3B3ECDAC7B3F9840353E97
:108E900031F57B3FA2102F3E283B7C3FFCDE283E75
:108EA000B07E7C3FB6AB223EC9BF7C3FDE761C3E27
:108EB00073FE7C3F8340163EAC3A7D3FB708103EC0
:108EC00074747D3F86CF093ECCAB7D3F0295033E57
:108ED000B1E07D3F73B2FA3D24137E3F7638EE3D1C
:108EE00023437E3F2EBCE13DB0707E3FB93DD53D72
:108EF000C99B7E3F36BDC83D6DC47E3FC33ABC3D75
:108F00009DEA7E3F80B6AF3D580E7F3F8C30A33D3B
:108F10009D2F7F3F05A9963D6D4E7F3F0A208A3DDC
:108F2000C76A7F3F742B7B3DAB847F3F6814623DF3
:108F3000189C7F3F2FFB483D0FB17F3F07E02F3D3F
:108F40008FC37F3F2CC3163D98D37F3FB949FB3C6D
:108F500029E17F3FB00AC93C43EC7F3FB6C9963C4C
:108F6000E6F47F3F900E493C11FB7F3F890FC93BE0
:108F7000C4FE7F3F000000000000803F890FC9BB96
:108F8000C4FE7F3F900E49BC11FB7F3FB6C996BC23
:108F9000E6F47F3FB00AC9BC43EC7F3FB949FBBC54
:108FA00029E17F3F2CC316BD98D37F3F07E02FBD3B
:108FB0008FC37F3F2FFB48BD0FB17F3F681462BD59
:108FC000189C7F3F742B7BBDAB847F3F0A208ABDFA
:108FD000C76A7F3F05A996BD6D4E7F3F8C30A3BD0C
:108FE0009D2F7F3F80B6AFBD580E7F3FC33ABCBDBB
:108FF0009DEA7E3F36BDC8BD6DC47E3FB93DD5BD3F
:10900000C99B7E3F2EBCE1BDB0707E3F7638EEBD81
:1090100023437E3F73B2FABD24137E3F029503BE05
:10902000B1E07D3F86CF09BECCAB7D3FB70810BE17
:1090300074747D3F834016BEAC3A7D3FDE761CBE25
:1090400073FE7C3FB6AB22BEC9BF7C3FFCDE28BEB0
:10905000B07E7C3FA2102FBE283B7C3F984035BE9F
:1090600031F57B3FCF6E3BBECDAC7B3F379B41BEE6
:10907000FC617B3FC2C547BEBE147B3F60EE4DBE68
:1090800016C57A3F011554BE02737A3F97395ABE0E
:10909000841E7A3F135C60BE9DC7793F667C66BEC6
:1090A0004E6E793F7F9A6CBE9812793F51B672BE70
:1090B0007BB4783FCCCF78BEF853783FE1E67EBEF4
:1090C00010F1773FC07D82BEC58B773FCE8685BECF
:1090D0001724773F938E88BE07BA763F07958BBEDD
:1090E000974D763F229A8EBEC6DE753FDD9D91BEBE
:1090F000976D753F31A094BE0BFA743F17A197BED0
:109100002284743F86A09ABEDD0B743F789E9DBE7C
:109110003F91733FE59AA0BE4714733FC595A3BE28
:10912000F894723F128FA6BE5213723FC486A9BE36
:10913000578F713FD47CACBE0809713F3A71AFBE06
:109140006680703FEF63B2BE73F56F3FEC54B5BEFF
:1091500030686F3F2A44B8BE9ED86E3FA031BBBE78
:10916000BE466E3F4A1DBEBE93B26D3F1E07C1BED6
:109170001D1C6D3F15EFC3BE5E836C3F29D5C6BE77
:1091800058E86B3F53B9C9BE0C4B6B3F8B9BCCBEB1
:109190007BAB6A3FCA7BCFBEA7096A3F095AD2BEE2
:1091A0009165693F4136D5BE3CBF683F6B10D8BE64
:1091B000A816683F80E8DABED86B673F79BEDDBE8F
:1091C000CCBE663F4F92E0BE880F663FFA63E3BEB7
:1091D0000B5E653F7533E6BE59AA643FB700E9BE32
:1091E00073F4633FBBCBEBBE5A3C633F7994EEBE56
:1091F0001082623FEA5AF1BE98C5613F071FF4BE74
:10920000F206613FCBE0F6BE2146603F2DA0F9BEDD
:1092100027835F3F275DFCBE05BE5E3FB217FFBEE2
:10922000BEF65D3FE4E700BF532D5D3FB14202BF94
:10923000C7615C3F3D9C03BF1A945B3F84F404BF4D
:1092400050C45A3F824B06BF6AF2593F36A107BF4E
:109250006A1E593F9BF508BF5348583FAD480ABFA7
:109260002670573F6B9A0BBFE595563FD0EA0CBF6F
:1092700093B9553FDA390EBF31DB543F84870FBFB6
:10928000C3FA533FCDD310BF4918533FB01E12BF8E
:10929000C633523F2A6813BF3D4D513F39B014BF0A
:1092A000AF64503FD9F615BF1F7A4F3F073C17BF39
:1092B000908D4E3FC07F18BF029F4D3F00C219BF27
:1092C00079AE4C3FC6021BBFF8BB4B3F0C421CBFE4
:1092D0007FC74A3FD17F1DBF12D1493F12BC1EBF7D
:1092E000B3D8483FCBF61FBF65DE473FF92F21BFFC
:1092F0002AE2463F996722BF03E4453FA99D23BF69
:10930000F5E3443F25D224BF00E2433F0A0526BFD0
:1093100029DE423F563627BF70D8413F056628BF39
:10932000DAD0403F159429BF67C73F3F82C02ABFAC
:109330001BBC3E3F4AEB2BBFF9AE3D3F69142DBF2E
:1093400003A03C3FDE3B2EBF3B8F3B3FA5612FBFC1
:10935000A47C3A3FBB8530BF4268393F1DA831BF6E
:109360001652383FC9C832BF233A373FBCE733BF34
:109370006C20363FF30435BFF304353F6C2036BF15
:10938000BCE7333F233A37BFC9C8323F165238BF14
:109390001DA8313F426839BFBB85303FA47C3ABF2E
:1093A000A5612F3F3B8F3BBFDE3B2E3F03A03CBF61
:1093B00069142D3FF9AE3DBF4AEB2B3F1BBC3EBFAE
:1093C00082C02A3F67C73FBF1594293FDAD040BF0C
:1093D0000566283F70D841BF5636273F29DE42BF79
:1093E0000A05263F00E243BF25D2243FF5E344BFF0
:1093F000A99D233F03E445BF9967223F2AE246BF68
:10940000F92F213F65DE47BFCBF61F3FB3D848BFDA
:1094100012BC1E3F12D149BFD17F1D3F7FC74ABF3B
:109420000C421C3FF8BB4BBFC6021B3F79AE4CBF82
:1094300000C2193F029F4DBFC07F183F908D4EBFA5
:10944000073C173F1F7A4FBFD9F6153FAF6450BF97
:1094500039B0143F3D4D51BF2A68133FC63352BF48
:10946000B01E123F491853BFCDD3103FC3FA53BFAC
:1094700084870F3F31DB54BFDA390E3F93B955BFB4
:10948000D0EA0C3FE59556BF6B9A0B3F267057BF4D
:10949000AD480A3F534858BF9BF5083F6A1E59BF65
:1094A00036A1073F6AF259BF824B063F50C45ABFEC
:1094B00084F4043F1A945BBF3D9C033FC7615CBFCB
:1094C000B142023F532D5DBFE4E7003FBEF65DBFF2
:1094D000B217FF3E05BE5EBF275DFC3E27835FBF20
:1094E0002DA0F93E214660BFCBE0F63EF20661BFFB
:1094F000071FF43E98C561BFEA5AF13E108262BF71
:109500007994EE3E5A3C63BFBBCBEB3E73F463BF32
:10951000B700E93E59AA64BF7533E63E0B5E65BFEE
:10952000FA63E33E880F66BF4F92E03ECCBE66BF53
:1095300079BEDD3ED86B67BF80E8DA3EA81668BF0B
:109540006B10D83E3CBF68BF4136D53E916569BFC0
:10955000095AD23EA7096ABFCA7BCF3E7BAB6ABF1E
:109560008B9BCC3E0C4B6BBF53B9C93E58E86BBFCD
:1095700029D5C63E5E836CBF15EFC33E1D1C6DBF73
:109580001E07C13E93B26DBF4A1DBE3EBE466EBFB2
:10959000A031BB3E9ED86EBF2A44B83E30686FBF34
:1095A000EC54B53E73F56FBFEF63B23E668070BF9B
:1095B0003A71AF3E080971BFD47CAC3E578F71BF82
:1095C000C486A93E521372BF128FA63EF89472BF92
:1095D000C595A33E471473BFE59AA03E3F9173BF64
:1095E000789E9D3EDD0B74BF86A09A3E228474BF98
:1095F00017A1973E0BFA74BF31A0943E976D75BFCB
:10960000DD9D913EC6DE75BF229A8E3E974D76BF98
:1096100007958B3E07BA76BF938E883E172477BF97
:10962000CE86853EC58B77BFC07D823E10F177BF69
:10963000E1E67E3EF85378BFCCCF783E7BB478BF6E
:1096400051B6723E981279BF7F9A6C3E4E6E79BFCA
:10965000667C663E9DC779BF135C603E841E7ABF00
:1096600097395A3E02737ABF0115543E16C57ABF28
:1096700060EE4D3EBE147BBFC2C5473EFC617BBF62
:10968000379B413ECDAC7BBFCF6E3B3E31F57BBFC0
:109690009840353E283B7CBFA2102F3EB07E7CBF59
:1096A000FCDE283EC9BF7CBFB6AB223E73FE7CBF4A
:1096B000DE761C3EAC3A7DBF8340163E74747DBF9F
:1096C000B708103ECCAB7DBF86CF093EB1E07DBF71
:1096D0000295033E24137EBF73B2FA3D23437EBF3F
:1096E0007638EE3DB0707EBF2EBCE13DC99B7EBF9B
:1096F000B93DD53D6DC47EBF36BDC83D9DEA7EBF38
:10970000C33ABC3D580E7FBF80B6AF3D9D2F7FBF93
:109710008C30A33D6D4E7FBF05A9963DC76A7FBFC4
:109720000A208A3DAB847FBF742B7B3D189C7FBF92
:109730006814623D0FB17FBF2FFB483D8FC37FBFD1
:1097400007E02F3D98D37FBF2CC3163D29E17FBF93
:10975000B949FB3C43EC7FBFB00AC93CE6F47FBF8C
:10976000B6C9963C11FB7FBF900E493CC4FE7FBF3B
:10977000890FC93B000080BF00000000C4FE7FBF0E
:10978000890FC9BB11FB7FBF900E49BCE6F47FBFB8
:10979000B6C996BC43EC7FBFB00AC9BC29E17FBF04
:1097A000B949FBBC98D37FBF2CC316BD8FC37FBF05
:1097B00007E02FBD0FB17FBF2FFB48BD189C7FBFB7
:1097C000681462BDAB847FBF742B7BBDC76A7FBF4B
:1097D0000A208ABD6D4E7FBF05A996BD9D2F7FBF14
:1097E0008C30A3BD580E7FBF80B6AFBD9DEA7EBF53
:1097F000C33ABCBD6DC47EBF36BDC8BDC99B7EBF6C
:10980000B93DD5BDB0707EBF2EBCE1BD23437EBF48
:109810007638EEBD24137EBF73B2FABDB1E07DBFD2
:10982000029503BECCAB7DBF86CF09BE74747DBFED
:10983000B70810BEAC3A7DBF834016BE73FE7CBF36
:10984000DE761CBEC9BF7CBFB6AB22BEB07E7CBF7D
:10985000FCDE28BE283B7CBFA2102FBE31F57BBFAB
:10986000984035BECDAC7BBFCF6E3BBEFC617BBFAD
:10987000379B41BEBE147BBFC2C547BE16C57ABF6B
:1098800060EE4DBE02737ABF011554BE841E7ABFCE
:1098900097395ABE9DC779BF135C60BE4E6E79BFC3
:1098A000667C66BE981279BF7F9A6CBE7BB478BF27
:1098B00051B672BEF85378BFCCCF78BE10F177BFE7
:1098C000E1E67EBEC58B77BFC07D82BE172477BF21
:1098D000CE8685BE07BA76BF938E88BE974D76BF7B
:1098E00007958BBEC6DE75BF229A8EBE976D75BF7B
:1098F000DD9D91BE0BFA74BF31A094BE228474BF6B
:1099000017A197BEDD0B74BF86A09ABE3F9173BFAF
:10991000789E9DBE471473BFE59AA0BEF89472BFAF
:10992000C595A3BE521372BF128FA6BE578F71BFCB
:10993000C486A9BE080971BFD47CACBE668070BF66
:109940003A71AFBE73F56FBFEF63B2BE30686FBFE1
:10995000EC54B5BE9ED86EBF2A44B8BEBE466EBF9C
:10996000A031BBBE93B26DBF4A1DBEBE1D1C6DBFF4
:109970001E07C1BE5E836CBF15EFC3BE58E86BBF48
:1099800029D5C6BE0C4B6BBF53B9C9BE7BAB6ABFF2
:109990008B9BCCBEA7096ABFCA7BCFBE916569BF4E
:1099A000095AD2BE3CBF68BF4136D5BEA81668BFB3
:1099B0006B10D8BED86B67BF80E8DABECCBE66BF7E
:1099C00079BEDDBE880F66BF4F92E0BE0B5E65BFFD
:1099D000FA63E3BE59AA64BF7533E6BE73F463BF8E
:1099E000B700E9BE5A3C63BFBBCBEBBE108262BF7F
:1099F0007994EEBE98C561BFEA5AF1BEF20661BF26
:109A0000071FF4BE214660BFCBE0F6BE27835FBFD1
:109A10002DA0F9BE05BE5EBF275DFCBEBEF65DBFD4
:109A2000B217FFBE532D5DBFE4E700BFC7615CBF47
:109A3000B14202BF1A945BBF3D9C03BF50C45ABFE2
:109A400084F404BF6AF259BF824B06BF6A1E59BF35
:109A500036A107BF534858BF9BF508BF267057BFB4
:109A6000AD480ABFE59556BF6B9A0BBF93B955BF7A
:109A7000D0EA0CBF31DB54BFDA390EBFC3FA53BF93
:109A800084870FBF491853BFCDD310BFC63352BF11
:109A9000B01E12BF3D4D51BF2A6813BFAF6450BF07
:109AA00039B014BF1F7A4FBFD9F615BF908D4EBF86
:109AB000073C17BF029F4DBFC07F18BF79AE4CBF98
:109AC00000C219BFF8BB4BBFC6021BBF7FC74ABF4E
:109AD0000C421CBF12D149BFD17F1DBFB3D848BFB4
:109AE00012BC1EBF65DE47BFCBF61FBF2AE246BFD2
:109AF000F92F21BF03E445BF996722BFF5E344BFB7
:109B0000A99D23BF00E243BF25D224BF29DE42BF67
:109B10000A0526BF70D841BF563627BFDAD040BFEE
:109B2000056628BF67C73FBF159429BF1BBC3EBF52
:109B300082C02ABFF9AE3DBF4AEB2BBF03A03CBF9A
:109B400069142DBF3B8F3BBFDE3B2EBFA47C3ABFC9
:109B5000A5612FBF426839BFBB8530BF165238BFE1
:109B60001DA831BF233A37BFC9C832BF6C2036BFEA
:109B7000BCE733BFF30435BFF30435BFBCE733BFE5
:109B80006C2036BFC9C832BF233A37BF1DA831BFCA
:109B9000165238BFBB8530BF426839BFA5612FBFA1
:109BA000A47C3ABFDE3B2EBF3B8F3BBF69142DBF69
:109BB00003A03CBF4AEB2BBFF9AE3DBF82C02ABF1A
:109BC0001BBC3EBF159429BF67C73FBF056628BFB2
:109BD000DAD040BF563627BF70D841BF0A0526BF2E
:109BE00029DE42BF25D224BF00E243BFA99D23BF87
:109BF000F5E344BF996722BF03E445BFF92F21BFB6
:109C00002AE246BFCBF61FBF65DE47BF12BC1EBFB0
:109C1000B3D848BFD17F1DBF12D149BF0C421CBF72
:109C20007FC74ABFC6021BBFF8BB4BBF00C219BFEC
:109C300079AE4CBFC07F18BF029F4DBF073C17BF16
:109C4000908D4EBFD9F615BF1F7A4FBF39B014BFE4
:109C5000AF6450BF2A6813BF3D4D51BFB01E12BF45
:109C6000C63352BFCDD310BF491853BF84870FBF2F
:109C7000C3FA53BFDA390EBF31DB54BFD0EA0CBF91
:109C800093B955BF6B9A0BBFE59556BFAD480ABF58
:109C9000267057BF9BF508BF534858BF36A107BF72
:109CA0006A1E59BF824B06BF6AF259BF84F404BFD3
:109CB00050C45ABF3D9C03BF1A945BBFB14202BF60
:109CC000C7615CBFE4E700BF532D5DBFB217FFBEA5
:109CD000BEF65DBF275DFCBE05BE5EBF2DA0F9BE12
:109CE00027835FBFCBE0F6BE214660BF071FF4BEEF
:109CF000F20661BFEA5AF1BE98C561BF7994EEBE23
:109D0000108262BFBBCBEBBE5A3C63BFB700E9BE5B
:109D100073F463BF7533E6BE59AA64BFFA63E3BE4A
:109D20000B5E65BF4F92E0BE880F66BF79BEDDBE99
:109D3000CCBE66BF80E8DABED86B67BF6B10D8BEFA
:109D4000A81668BF4136D5BE3CBF68BF095AD2BE0F
:109D5000916569BFCA7BCFBEA7096ABF8B9BCCBE8A
:109D60007BAB6ABF53B9C9BE0C4B6BBF29D5C6BE0E
:109D700058E86BBF15EFC3BE5E836CBF1E07C1BE44
:109D80001D1C6DBF4A1DBEBE93B26DBFA031BBBED0
:109D9000BE466EBF2A44B8BE9ED86EBFEC54B5BE58
:109DA00030686FBFEF63B2BE73F56FBF3A71AFBE7D
:109DB000668070BFD47CACBE080971BFC486A9BEE2
:109DC000578F71BF128FA6BE521372BFC595A3BE27
:109DD000F89472BFE59AA0BE471473BF789E9DBEEB
:109DE0003F9173BF86A09ABEDD0B74BF17A197BECB
:109DF000228474BF31A094BE0BFA74BFDD9D91BE66
:109E0000976D75BF229A8EBEC6DE75BF07958BBE55
:109E1000974D76BF938E88BE07BA76BFCE8685BE35
:109E2000172477BFC07D82BEC58B77BFE1E67EBEBB
:109E300010F177BFCCCF78BEF85378BF51B672BE61
:109E40007BB478BF7F9A6CBE981279BF667C66BE81
:109E50004E6E79BF135C60BE9DC779BF97395ABEFD
:109E6000841E7ABF011554BE02737ABF60EE4DBEE8
:109E700016C57ABFC2C547BEBE147BBF379B41BE65
:109E8000FC617BBFCF6E3BBECDAC7BBF984035BE87
:109E900031F57BBFA2102FBE283B7CBFFCDE28BE65
:109EA000B07E7CBFB6AB22BEC9BF7CBFDE761CBE17
:109EB00073FE7CBF834016BEAC3A7DBFB70810BEB0
:109EC00074747DBF86CF09BECCAB7DBF029503BE47
:109ED000B1E07DBF73B2FABD24137EBF7638EEBD0C
:109EE00023437EBF2EBCE1BDB0707EBFB93DD5BD62
:109EF000C99B7EBF36BDC8BD6DC47EBFC33ABCBD65
:109F00009DEA7EBF80B6AFBD580E7FBF8C30A3BD2B
:109F10009D2F7FBF05A996BD6D4E7FBF0A208ABDCC
:109F2000C76A7FBF742B7BBDAB847FBF681462BDE3
:109F3000189C7FBF2FFB48BD0FB17FBF07E02FBD2F
:109F40008FC37FBF2CC316BD98D37FBFB949FBBC5D
:109F500029E17FBFB00AC9BC43EC7FBFB6C996BC3C
:109F6000E6F47FBF900E49BC11FB7FBF890FC9BBD0
:109F7000C4FE7FBF00000080000080BF890FC93B86
:109F8000C4FE7FBF900E493C11FB7FBFB6C9963C13
:109F9000E6F47FBFB00AC93C43EC7FBFB949FB3C44
:109FA00029E17FBF2CC3163D98D37FBF07E02F3D2B
:109FB0008FC37FBF2FFB483D0FB17FBF6814623D49
:109FC000189C7FBF742B7B3DAB847FBF0A208A3DEA
:109FD000C76A7FBF05A9963D6D4E7FBF8C30A33DFC
:109FE0009D2F7FBF80B6AF3D580E7FBFC33ABC3DAB
:109FF0009DEA7EBF36BDC83D6DC47EBFB93DD53D2F
:10A00000C99B7EBF2EBCE13DB0707EBF7638EE3D71
:10A0100023437EBF73B2FA3D24137EBF0295033EF5
:10A02000B1E07DBF86CF093ECCAB7DBFB708103E07
:10A0300074747DBF8340163EAC3A7DBFDE761C3E15
:10A0400073FE7CBFB6AB223EC9BF7CBFFCDE283EA0
:10A05000B07E7CBFA2102F3E283B7CBF9840353E8F
:10A0600031F57BBFCF6E3B3ECDAC7BBF379B413ED6
:10A07000FC617BBFC2C5473EBE147BBF60EE4D3E58
:10A0800016C57ABF0115543E02737ABF97395A3EFE
:10A09000841E7ABF135C603E9DC779BF667C663EB6
:10A0A0004E6E79BF7F9A6C3E981279BF51B6723E60
:10A0B0007BB478BFCCCF783EF85378BFE1E67E3EE4
:10A0C00010F177BFC07D823EC58B77BFCE86853EBF
:10A0D000172477BF938E883E07BA76BF07958B3ECD
:10A0E000974D76BF229A8E3EC6DE75BFDD9D913EAE
:10A0F000976D75BF31A0943E0BFA74BF17A1973EC0
:10A10000228474BF86A09A3EDD0B74BF789E9D3E6C
:10A110003F9173BFE59AA03E471473BFC595A33E18
:10A12000F89472BF128FA63E521372BFC486A93E26
:10A13000578F71BFD47CAC3E080971BF3A71AF3EF6
:10A14000668070BFEF63B23E73F56FBFEC54B53EEF
:10A1500030686FBF2A44B83E9ED86EBFA031BB3E68
:10A16000BE466EBF4A1DBE3E93B26DBF1E07C13EC6
:10A170001D1C6DBF15EFC33E5E836CBF29D5C63E67
:10A1800058E86BBF53B9C93E0C4B6BBF8B9BCC3EA1
:10A190007BAB6ABFCA7BCF3EA7096ABF095AD23ED2
:10A1A000916569BF4136D53E3CBF68BF6B10D83E54
:10A1B000A81668BF80E8DA3ED86B67BF79BEDD3E7F
:10A1C000CCBE66BF4F92E03E880F66BFFA63E33EA7
:10A1D0000B5E65BF7533E63E59AA64BFB700E93E22
:10A1E00073F463BFBBCBEB3E5A3C63BF7994EE3E46
:10A1F000108262BFEA5AF13E98C561BF071FF43E64
:10A20000F20661BFCBE0F63E214660BF2DA0F93ECD
:10A2100027835FBF275DFC3E05BE5EBFB217FF3ED2
:10A22000BEF65DBFE4E7003F532D5DBFB142023F84
:10A23000C7615CBF3D9C033F1A945BBF84F4043F3D
:10A2400050C45ABF824B063F6AF259BF36A1073F3E
:10A250006A1E59BF9BF5083F534858BFAD480A3F97
:10A26000267057BF6B9A0B3FE59556BFD0EA0C3F5F
:10A2700093B955BFDA390E3F31DB54BF84870F3FA6
:10A28000C3FA53BFCDD3103F491853BFB01E123F7E
:10A29000C63352BF2A68133F3D4D51BF39B0143FFA
:10A2A000AF6450BFD9F6153F1F7A4FBF073C173F29
:10A2B000908D4EBFC07F183F029F4DBF00C2193F17
:10A2C00079AE4CBFC6021B3FF8BB4BBF0C421C3FD4
:10A2D0007FC74ABFD17F1D3F12D149BF12BC1E3F6D
:10A2E000B3D848BFCBF61F3F65DE47BFF92F213FEC
:10A2F0002AE246BF9967223F03E445BFA99D233F59
:10A30000F5E344BF25D2243F00E243BF0A05263FC0
:10A3100029DE42BF5636273F70D841BF0566283F29
:10A32000DAD040BF1594293F67C73FBF82C02A3F9C
:10A330001BBC3EBF4AEB2B3FF9AE3DBF69142D3F1E
:10A3400003A03CBFDE3B2E3F3B8F3BBFA5612F3FB1
:10A35000A47C3ABFBB85303F426839BF1DA8313F5E
:10A36000165238BFC9C8323F233A37BFBCE7333F24
:10A370006C2036BFF304353FF30435BF6C20363F05
:10A38000BCE733BF233A373FC9C832BF1652383F04
:10A390001DA831BF4268393FBB8530BFA47C3A3F1E
:10A3A000A5612FBF3B8F3B3FDE3B2EBF03A03C3F51
:10A3B00069142DBFF9AE3D3F4AEB2BBF1BBC3E3F9E
:10A3C00082C02ABF67C73F3F159429BFDAD0403FFC
:10A3D000056628BF70D8413F563627BF29DE423F69
:10A3E0000A0526BF00E2433F25D224BFF5E3443FE0
:10A3F000A99D23BF03E4453F996722BF2AE2463F58
:10A40000F92F21BF65DE473FCBF61FBFB3D8483FCA
:10A4100012BC1EBF12D1493FD17F1DBF7FC74A3F2B
:10A420000C421CBFF8BB4B3FC6021BBF79AE4C3F72
:10A4300000C219BF029F4D3FC07F18BF908D4E3F95
:10A44000073C17BF1F7A4F3FD9F615BFAF64503F87
:10A4500039B014BF3D4D513F2A6813BFC633523F38
:10A46000B01E12BF4918533FCDD310BFC3FA533F9C
:10A4700084870FBF31DB543FDA390EBF93B9553FA4
:10A48000D0EA0CBFE595563F6B9A0BBF2670573F3D
:10A49000AD480ABF5348583F9BF508BF6A1E593F55
:10A4A00036A107BF6AF2593F824B06BF50C45A3FDC
:10A4B00084F404BF1A945B3F3D9C03BFC7615C3FBB
:10A4C000B14202BF532D5D3FE4E700BFBEF65D3FE2
:10A4D000B217FFBE05BE5E3F275DFCBE27835F3F10
:10A4E0002DA0F9BE2146603FCBE0F6BEF206613FEB
:10A4F000071FF4BE98C5613FEA5AF1BE1082623F61
:10A500007994EEBE5A3C633FBBCBEBBE73F4633F22
:10A51000B700E9BE59AA643F7533E6BE0B5E653FDE
:10A52000FA63E3BE880F663F4F92E0BECCBE663F43
:10A5300079BEDDBED86B673F80E8DABEA816683FFB
:10A540006B10D8BE3CBF683F4136D5BE9165693FB0
:10A55000095AD2BEA7096A3FCA7BCFBE7BAB6A3F0E
:10A560008B9BCCBE0C4B6B3F53B9C9BE58E86B3FBD
:10A5700029D5C6BE5E836C3F15EFC3BE1D1C6D3F63
:10A580001E07C1BE93B26D3F4A1DBEBEBE466E3FA2
:10A59000A031BBBE9ED86E3F2A44B8BE30686F3F24
:10A5A000EC54B5BE73F56F3FEF63B2BE6680703F8B
:10A5B0003A71AFBE0809713FD47CACBE578F713F72
:10A5C000C486A9BE5213723F128FA6BEF894723F82
:10A5D000C595A3BE4714733FE59AA0BE3F91733F54
:10A5E000789E9DBEDD0B743F86A09ABE2284743F88
:10A5F00017A197BE0BFA743F31A094BE976D753FBB
:10A60000DD9D91BEC6DE753F229A8EBE974D763F88
:10A6100007958BBE07BA763F938E88BE1724773F87
:10A62000CE8685BEC58B773FC07D82BE10F1773F59
:10A63000E1E67EBEF853783FCCCF78BE7BB4783F5E
:10A6400051B672BE9812793F7F9A6CBE4E6E793FBA
:10A65000667C66BE9DC7793F135C60BE841E7A3FF0
:10A6600097395ABE02737A3F011554BE16C57A3F18
:10A6700060EE4DBEBE147B3FC2C547BEFC617B3F52
:10A68000379B41BECDAC7B3FCF6E3BBE31F57B3FB0
:10A69000984035BE283B7C3FA2102FBEB07E7C3F49
:10A6A000FCDE28BEC9BF7C3FB6AB22BE73FE7C3F3A
:10A6B000DE761CBEAC3A7D3F834016BE74747D3F8F
:10A6C000B70810BECCAB7D3F86CF09BEB1E07D3F61
:10A6D000029503BE24137E3F73B2FABD23437E3F2F
:10A6E0007638EEBDB0707E3F2EBCE1BDC99B7E3F8B
:10A6F000B93DD5BD6DC47E3F36BDC8BD9DEA7E3F28
:10A70000C33ABCBD580E7F3F80B6AFBD9D2F7F3F83
:10A710008C30A3BD6D4E7F3F05A996BDC76A7F3FB4
:10A720000A208ABDAB847F3F742B7BBD189C7F3F82
:10A73000681462BD0FB17F3F2FFB48BD8FC37F3FC1
:10A7400007E02FBD98D37F3F2CC316BD29E17F3F83
:10A75000B949FBBC43EC7F3FB00AC9BCE6F47F3F7C
:10A76000B6C996BC11FB7F3F900E49BCC4FE7F3F2B
:10A77000890FC9BB98A7000800000020180000003E
:10A7800064690008B0A70008180000209035000098
:10A7900074690008000000000000000000000000D4
:10A7A000010000001000000000127A000004000008
:04000005080000ED02
:00000001FF
